explanation_idx,positional_row_id,source_row_uid,raw_id,label,source_file
0,41527,UNSW_NB15_testing-set.csv#id=041577,41577,0,UNSW_NB15_testing-set.csv
1,79374,UNSW_NB15_testing-set.csv#id=079958,79958,0,UNSW_NB15_testing-set.csv
2,36052,UNSW_NB15_testing-set.csv#id=036102,36102,0,UNSW_NB15_testing-set.csv
3,42019,UNSW_NB15_testing-set.csv#id=042069,42069,0,UNSW_NB15_testing-set.csv
4,67288,UNSW_NB15_testing-set.csv#id=067872,67872,0,UNSW_NB15_testing-set.csv
5,42139,UNSW_NB15_testing-set.csv#id=042189,42189,0,UNSW_NB15_testing-set.csv
6,38602,UNSW_NB15_testing-set.csv#id=038652,38652,0,UNSW_NB15_testing-set.csv
7,30160,UNSW_NB15_testing-set.csv#id=030210,30210,0,UNSW_NB15_testing-set.csv
8,42842,UNSW_NB15_testing-set.csv#id=042892,42892,0,UNSW_NB15_testing-set.csv
9,35408,UNSW_NB15_testing-set.csv#id=035458,35458,0,UNSW_NB15_testing-set.csv
10,73105,UNSW_NB15_testing-set.csv#id=073689,73689,0,UNSW_NB15_testing-set.csv
11,31937,UNSW_NB15_testing-set.csv#id=031987,31987,0,UNSW_NB15_testing-set.csv
12,34455,UNSW_NB15_testing-set.csv#id=034505,34505,0,UNSW_NB15_testing-set.csv
13,66956,UNSW_NB15_testing-set.csv#id=067540,67540,0,UNSW_NB15_testing-set.csv
14,81650,UNSW_NB15_testing-set.csv#id=082234,82234,0,UNSW_NB15_testing-set.csv
15,65895,UNSW_NB15_testing-set.csv#id=066479,66479,0,UNSW_NB15_testing-set.csv
16,68086,UNSW_NB15_testing-set.csv#id=068670,68670,0,UNSW_NB15_testing-set.csv
17,42771,UNSW_NB15_testing-set.csv#id=042821,42821,0,UNSW_NB15_testing-set.csv
18,70034,UNSW_NB15_testing-set.csv#id=070618,70618,0,UNSW_NB15_testing-set.csv
19,65990,UNSW_NB15_testing-set.csv#id=066574,66574,0,UNSW_NB15_testing-set.csv
20,43447,UNSW_NB15_testing-set.csv#id=043497,43497,0,UNSW_NB15_testing-set.csv
21,35706,UNSW_NB15_testing-set.csv#id=035756,35756,0,UNSW_NB15_testing-set.csv
22,65370,UNSW_NB15_testing-set.csv#id=065954,65954,0,UNSW_NB15_testing-set.csv
23,26499,UNSW_NB15_testing-set.csv#id=026549,26549,0,UNSW_NB15_testing-set.csv
24,31194,UNSW_NB15_testing-set.csv#id=031244,31244,0,UNSW_NB15_testing-set.csv
25,28397,UNSW_NB15_testing-set.csv#id=028447,28447,0,UNSW_NB15_testing-set.csv
26,40149,UNSW_NB15_testing-set.csv#id=040199,40199,0,UNSW_NB15_testing-set.csv
27,40263,UNSW_NB15_testing-set.csv#id=040313,40313,0,UNSW_NB15_testing-set.csv
28,38142,UNSW_NB15_testing-set.csv#id=038192,38192,0,UNSW_NB15_testing-set.csv
29,33829,UNSW_NB15_testing-set.csv#id=033879,33879,0,UNSW_NB15_testing-set.csv
30,24367,UNSW_NB15_testing-set.csv#id=024417,24417,0,UNSW_NB15_testing-set.csv
31,77914,UNSW_NB15_testing-set.csv#id=078498,78498,0,UNSW_NB15_testing-set.csv
32,34491,UNSW_NB15_testing-set.csv#id=034541,34541,0,UNSW_NB15_testing-set.csv
33,66426,UNSW_NB15_testing-set.csv#id=067010,67010,0,UNSW_NB15_testing-set.csv
34,65948,UNSW_NB15_testing-set.csv#id=066532,66532,0,UNSW_NB15_testing-set.csv
35,78952,UNSW_NB15_testing-set.csv#id=079536,79536,0,UNSW_NB15_testing-set.csv
36,30910,UNSW_NB15_testing-set.csv#id=030960,30960,0,UNSW_NB15_testing-set.csv
37,75025,UNSW_NB15_testing-set.csv#id=075609,75609,0,UNSW_NB15_testing-set.csv
38,37800,UNSW_NB15_testing-set.csv#id=037850,37850,0,UNSW_NB15_testing-set.csv
39,28598,UNSW_NB15_testing-set.csv#id=028648,28648,0,UNSW_NB15_testing-set.csv
40,37910,UNSW_NB15_testing-set.csv#id=037960,37960,0,UNSW_NB15_testing-set.csv
41,79762,UNSW_NB15_testing-set.csv#id=080346,80346,0,UNSW_NB15_testing-set.csv
42,67622,UNSW_NB15_testing-set.csv#id=068206,68206,0,UNSW_NB15_testing-set.csv
43,37513,UNSW_NB15_testing-set.csv#id=037563,37563,0,UNSW_NB15_testing-set.csv
44,66772,UNSW_NB15_testing-set.csv#id=067356,67356,0,UNSW_NB15_testing-set.csv
45,73066,UNSW_NB15_testing-set.csv#id=073650,73650,0,UNSW_NB15_testing-set.csv
46,38492,UNSW_NB15_testing-set.csv#id=038542,38542,0,UNSW_NB15_testing-set.csv
47,66907,UNSW_NB15_testing-set.csv#id=067491,67491,0,UNSW_NB15_testing-set.csv
48,34052,UNSW_NB15_testing-set.csv#id=034102,34102,0,UNSW_NB15_testing-set.csv
49,26435,UNSW_NB15_testing-set.csv#id=026485,26485,0,UNSW_NB15_testing-set.csv
50,33092,UNSW_NB15_testing-set.csv#id=033142,33142,0,UNSW_NB15_testing-set.csv
51,78920,UNSW_NB15_testing-set.csv#id=079504,79504,0,UNSW_NB15_testing-set.csv
52,27902,UNSW_NB15_testing-set.csv#id=027952,27952,0,UNSW_NB15_testing-set.csv
53,79844,UNSW_NB15_testing-set.csv#id=080428,80428,0,UNSW_NB15_testing-set.csv
54,27366,UNSW_NB15_testing-set.csv#id=027416,27416,0,UNSW_NB15_testing-set.csv
55,27731,UNSW_NB15_testing-set.csv#id=027781,27781,0,UNSW_NB15_testing-set.csv
56,40165,UNSW_NB15_testing-set.csv#id=040215,40215,0,UNSW_NB15_testing-set.csv
57,77695,UNSW_NB15_testing-set.csv#id=078279,78279,0,UNSW_NB15_testing-set.csv
58,37637,UNSW_NB15_testing-set.csv#id=037687,37687,0,UNSW_NB15_testing-set.csv
59,69661,UNSW_NB15_testing-set.csv#id=070245,70245,0,UNSW_NB15_testing-set.csv
60,41399,UNSW_NB15_testing-set.csv#id=041449,41449,0,UNSW_NB15_testing-set.csv
61,39716,UNSW_NB15_testing-set.csv#id=039766,39766,0,UNSW_NB15_testing-set.csv
62,28421,UNSW_NB15_testing-set.csv#id=028471,28471,0,UNSW_NB15_testing-set.csv
63,28763,UNSW_NB15_testing-set.csv#id=028813,28813,0,UNSW_NB15_testing-set.csv
64,80985,UNSW_NB15_testing-set.csv#id=081569,81569,0,UNSW_NB15_testing-set.csv
65,39033,UNSW_NB15_testing-set.csv#id=039083,39083,0,UNSW_NB15_testing-set.csv
66,68164,UNSW_NB15_testing-set.csv#id=068748,68748,0,UNSW_NB15_testing-set.csv
67,32355,UNSW_NB15_testing-set.csv#id=032405,32405,0,UNSW_NB15_testing-set.csv
68,69989,UNSW_NB15_testing-set.csv#id=070573,70573,0,UNSW_NB15_testing-set.csv
69,42457,UNSW_NB15_testing-set.csv#id=042507,42507,0,UNSW_NB15_testing-set.csv
70,65598,UNSW_NB15_testing-set.csv#id=066182,66182,0,UNSW_NB15_testing-set.csv
71,38159,UNSW_NB15_testing-set.csv#id=038209,38209,0,UNSW_NB15_testing-set.csv
72,33938,UNSW_NB15_testing-set.csv#id=033988,33988,0,UNSW_NB15_testing-set.csv
73,42593,UNSW_NB15_testing-set.csv#id=042643,42643,0,UNSW_NB15_testing-set.csv
74,78876,UNSW_NB15_testing-set.csv#id=079460,79460,0,UNSW_NB15_testing-set.csv
75,32025,UNSW_NB15_testing-set.csv#id=032075,32075,0,UNSW_NB15_testing-set.csv
76,28303,UNSW_NB15_testing-set.csv#id=028353,28353,0,UNSW_NB15_testing-set.csv
77,39178,UNSW_NB15_testing-set.csv#id=039228,39228,0,UNSW_NB15_testing-set.csv
78,65401,UNSW_NB15_testing-set.csv#id=065985,65985,0,UNSW_NB15_testing-set.csv
79,76235,UNSW_NB15_testing-set.csv#id=076819,76819,0,UNSW_NB15_testing-set.csv
80,67711,UNSW_NB15_testing-set.csv#id=068295,68295,0,UNSW_NB15_testing-set.csv
81,32250,UNSW_NB15_testing-set.csv#id=032300,32300,0,UNSW_NB15_testing-set.csv
82,73040,UNSW_NB15_testing-set.csv#id=073624,73624,0,UNSW_NB15_testing-set.csv
83,42662,UNSW_NB15_testing-set.csv#id=042712,42712,0,UNSW_NB15_testing-set.csv
84,39615,UNSW_NB15_testing-set.csv#id=039665,39665,0,UNSW_NB15_testing-set.csv
85,66110,UNSW_NB15_testing-set.csv#id=066694,66694,0,UNSW_NB15_testing-set.csv
86,80115,UNSW_NB15_testing-set.csv#id=080699,80699,0,UNSW_NB15_testing-set.csv
87,36650,UNSW_NB15_testing-set.csv#id=036700,36700,0,UNSW_NB15_testing-set.csv
88,81400,UNSW_NB15_testing-set.csv#id=081984,81984,0,UNSW_NB15_testing-set.csv
89,72547,UNSW_NB15_testing-set.csv#id=073131,73131,0,UNSW_NB15_testing-set.csv
90,26378,UNSW_NB15_testing-set.csv#id=026428,26428,0,UNSW_NB15_testing-set.csv
91,36463,UNSW_NB15_testing-set.csv#id=036513,36513,0,UNSW_NB15_testing-set.csv
92,29316,UNSW_NB15_testing-set.csv#id=029366,29366,0,UNSW_NB15_testing-set.csv
93,37922,UNSW_NB15_testing-set.csv#id=037972,37972,0,UNSW_NB15_testing-set.csv
94,70361,UNSW_NB15_testing-set.csv#id=070945,70945,0,UNSW_NB15_testing-set.csv
95,39633,UNSW_NB15_testing-set.csv#id=039683,39683,0,UNSW_NB15_testing-set.csv
96,76664,UNSW_NB15_testing-set.csv#id=077248,77248,0,UNSW_NB15_testing-set.csv
97,30978,UNSW_NB15_testing-set.csv#id=031028,31028,0,UNSW_NB15_testing-set.csv
98,24596,UNSW_NB15_testing-set.csv#id=024646,24646,0,UNSW_NB15_testing-set.csv
99,158,UNSW_NB15_testing-set.csv#id=000159,159,0,UNSW_NB15_testing-set.csv
100,66998,UNSW_NB15_testing-set.csv#id=067582,67582,0,UNSW_NB15_testing-set.csv
101,25602,UNSW_NB15_testing-set.csv#id=025652,25652,0,UNSW_NB15_testing-set.csv
102,25035,UNSW_NB15_testing-set.csv#id=025085,25085,0,UNSW_NB15_testing-set.csv
103,41456,UNSW_NB15_testing-set.csv#id=041506,41506,0,UNSW_NB15_testing-set.csv
104,66828,UNSW_NB15_testing-set.csv#id=067412,67412,0,UNSW_NB15_testing-set.csv
105,71807,UNSW_NB15_testing-set.csv#id=072391,72391,0,UNSW_NB15_testing-set.csv
106,80141,UNSW_NB15_testing-set.csv#id=080725,80725,0,UNSW_NB15_testing-set.csv
107,41936,UNSW_NB15_testing-set.csv#id=041986,41986,0,UNSW_NB15_testing-set.csv
108,70382,UNSW_NB15_testing-set.csv#id=070966,70966,0,UNSW_NB15_testing-set.csv
109,26678,UNSW_NB15_testing-set.csv#id=026728,26728,0,UNSW_NB15_testing-set.csv
110,32845,UNSW_NB15_testing-set.csv#id=032895,32895,0,UNSW_NB15_testing-set.csv
111,23636,UNSW_NB15_testing-set.csv#id=023686,23686,0,UNSW_NB15_testing-set.csv
112,30039,UNSW_NB15_testing-set.csv#id=030089,30089,0,UNSW_NB15_testing-set.csv
113,24982,UNSW_NB15_testing-set.csv#id=025032,25032,0,UNSW_NB15_testing-set.csv
114,71279,UNSW_NB15_testing-set.csv#id=071863,71863,0,UNSW_NB15_testing-set.csv
115,74123,UNSW_NB15_testing-set.csv#id=074707,74707,0,UNSW_NB15_testing-set.csv
116,28673,UNSW_NB15_testing-set.csv#id=028723,28723,0,UNSW_NB15_testing-set.csv
117,39277,UNSW_NB15_testing-set.csv#id=039327,39327,0,UNSW_NB15_testing-set.csv
118,75491,UNSW_NB15_testing-set.csv#id=076075,76075,0,UNSW_NB15_testing-set.csv
119,26175,UNSW_NB15_testing-set.csv#id=026225,26225,0,UNSW_NB15_testing-set.csv
120,67505,UNSW_NB15_testing-set.csv#id=068089,68089,0,UNSW_NB15_testing-set.csv
121,42872,UNSW_NB15_testing-set.csv#id=042922,42922,0,UNSW_NB15_testing-set.csv
122,71667,UNSW_NB15_testing-set.csv#id=072251,72251,0,UNSW_NB15_testing-set.csv
123,42569,UNSW_NB15_testing-set.csv#id=042619,42619,0,UNSW_NB15_testing-set.csv
124,41294,UNSW_NB15_testing-set.csv#id=041344,41344,0,UNSW_NB15_testing-set.csv
125,69942,UNSW_NB15_testing-set.csv#id=070526,70526,0,UNSW_NB15_testing-set.csv
126,27581,UNSW_NB15_testing-set.csv#id=027631,27631,0,UNSW_NB15_testing-set.csv
127,27176,UNSW_NB15_testing-set.csv#id=027226,27226,0,UNSW_NB15_testing-set.csv
128,30358,UNSW_NB15_testing-set.csv#id=030408,30408,0,UNSW_NB15_testing-set.csv
129,39550,UNSW_NB15_testing-set.csv#id=039600,39600,0,UNSW_NB15_testing-set.csv
130,24518,UNSW_NB15_testing-set.csv#id=024568,24568,0,UNSW_NB15_testing-set.csv
131,39202,UNSW_NB15_testing-set.csv#id=039252,39252,0,UNSW_NB15_testing-set.csv
132,75027,UNSW_NB15_testing-set.csv#id=075611,75611,0,UNSW_NB15_testing-set.csv
133,74371,UNSW_NB15_testing-set.csv#id=074955,74955,0,UNSW_NB15_testing-set.csv
134,69975,UNSW_NB15_testing-set.csv#id=070559,70559,0,UNSW_NB15_testing-set.csv
135,75324,UNSW_NB15_testing-set.csv#id=075908,75908,0,UNSW_NB15_testing-set.csv
136,72650,UNSW_NB15_testing-set.csv#id=073234,73234,0,UNSW_NB15_testing-set.csv
137,27412,UNSW_NB15_testing-set.csv#id=027462,27462,0,UNSW_NB15_testing-set.csv
138,78278,UNSW_NB15_testing-set.csv#id=078862,78862,0,UNSW_NB15_testing-set.csv
139,79739,UNSW_NB15_testing-set.csv#id=080323,80323,0,UNSW_NB15_testing-set.csv
140,73696,UNSW_NB15_testing-set.csv#id=074280,74280,0,UNSW_NB15_testing-set.csv
141,68932,UNSW_NB15_testing-set.csv#id=069516,69516,0,UNSW_NB15_testing-set.csv
142,25136,UNSW_NB15_testing-set.csv#id=025186,25186,0,UNSW_NB15_testing-set.csv
143,31919,UNSW_NB15_testing-set.csv#id=031969,31969,0,UNSW_NB15_testing-set.csv
144,75450,UNSW_NB15_testing-set.csv#id=076034,76034,0,UNSW_NB15_testing-set.csv
145,33470,UNSW_NB15_testing-set.csv#id=033520,33520,0,UNSW_NB15_testing-set.csv
146,31690,UNSW_NB15_testing-set.csv#id=031740,31740,0,UNSW_NB15_testing-set.csv
147,79566,UNSW_NB15_testing-set.csv#id=080150,80150,0,UNSW_NB15_testing-set.csv
148,73721,UNSW_NB15_testing-set.csv#id=074305,74305,0,UNSW_NB15_testing-set.csv
149,80177,UNSW_NB15_testing-set.csv#id=080761,80761,0,UNSW_NB15_testing-set.csv
150,66653,UNSW_NB15_testing-set.csv#id=067237,67237,0,UNSW_NB15_testing-set.csv
151,74392,UNSW_NB15_testing-set.csv#id=074976,74976,0,UNSW_NB15_testing-set.csv
152,24935,UNSW_NB15_testing-set.csv#id=024985,24985,0,UNSW_NB15_testing-set.csv
153,28719,UNSW_NB15_testing-set.csv#id=028769,28769,0,UNSW_NB15_testing-set.csv
154,196,UNSW_NB15_testing-set.csv#id=000197,197,0,UNSW_NB15_testing-set.csv
155,197,UNSW_NB15_testing-set.csv#id=000198,198,0,UNSW_NB15_testing-set.csv
156,24375,UNSW_NB15_testing-set.csv#id=024425,24425,0,UNSW_NB15_testing-set.csv
157,77632,UNSW_NB15_testing-set.csv#id=078216,78216,0,UNSW_NB15_testing-set.csv
158,68479,UNSW_NB15_testing-set.csv#id=069063,69063,0,UNSW_NB15_testing-set.csv
159,33514,UNSW_NB15_testing-set.csv#id=033564,33564,0,UNSW_NB15_testing-set.csv
160,77678,UNSW_NB15_testing-set.csv#id=078262,78262,0,UNSW_NB15_testing-set.csv
161,23594,UNSW_NB15_testing-set.csv#id=023644,23644,0,UNSW_NB15_testing-set.csv
162,30235,UNSW_NB15_testing-set.csv#id=030285,30285,0,UNSW_NB15_testing-set.csv
163,73982,UNSW_NB15_testing-set.csv#id=074566,74566,0,UNSW_NB15_testing-set.csv
164,72840,UNSW_NB15_testing-set.csv#id=073424,73424,0,UNSW_NB15_testing-set.csv
165,75647,UNSW_NB15_testing-set.csv#id=076231,76231,0,UNSW_NB15_testing-set.csv
166,28240,UNSW_NB15_testing-set.csv#id=028290,28290,0,UNSW_NB15_testing-set.csv
167,39462,UNSW_NB15_testing-set.csv#id=039512,39512,0,UNSW_NB15_testing-set.csv
168,31778,UNSW_NB15_testing-set.csv#id=031828,31828,0,UNSW_NB15_testing-set.csv
169,31962,UNSW_NB15_testing-set.csv#id=032012,32012,0,UNSW_NB15_testing-set.csv
170,24116,UNSW_NB15_testing-set.csv#id=024166,24166,0,UNSW_NB15_testing-set.csv
171,75981,UNSW_NB15_testing-set.csv#id=076565,76565,0,UNSW_NB15_testing-set.csv
172,77197,UNSW_NB15_testing-set.csv#id=077781,77781,0,UNSW_NB15_testing-set.csv
173,69373,UNSW_NB15_testing-set.csv#id=069957,69957,0,UNSW_NB15_testing-set.csv
174,81054,UNSW_NB15_testing-set.csv#id=081638,81638,0,UNSW_NB15_testing-set.csv
175,67298,UNSW_NB15_testing-set.csv#id=067882,67882,0,UNSW_NB15_testing-set.csv
176,68268,UNSW_NB15_testing-set.csv#id=068852,68852,0,UNSW_NB15_testing-set.csv
177,28007,UNSW_NB15_testing-set.csv#id=028057,28057,0,UNSW_NB15_testing-set.csv
178,68832,UNSW_NB15_testing-set.csv#id=069416,69416,0,UNSW_NB15_testing-set.csv
179,23935,UNSW_NB15_testing-set.csv#id=023985,23985,0,UNSW_NB15_testing-set.csv
180,80897,UNSW_NB15_testing-set.csv#id=081481,81481,0,UNSW_NB15_testing-set.csv
181,68837,UNSW_NB15_testing-set.csv#id=069421,69421,0,UNSW_NB15_testing-set.csv
182,26918,UNSW_NB15_testing-set.csv#id=026968,26968,0,UNSW_NB15_testing-set.csv
183,24631,UNSW_NB15_testing-set.csv#id=024681,24681,0,UNSW_NB15_testing-set.csv
184,75032,UNSW_NB15_testing-set.csv#id=075616,75616,0,UNSW_NB15_testing-set.csv
185,81735,UNSW_NB15_testing-set.csv#id=082319,82319,0,UNSW_NB15_testing-set.csv
186,33341,UNSW_NB15_testing-set.csv#id=033391,33391,0,UNSW_NB15_testing-set.csv
187,69519,UNSW_NB15_testing-set.csv#id=070103,70103,0,UNSW_NB15_testing-set.csv
188,76566,UNSW_NB15_testing-set.csv#id=077150,77150,0,UNSW_NB15_testing-set.csv
189,24666,UNSW_NB15_testing-set.csv#id=024716,24716,0,UNSW_NB15_testing-set.csv
190,80832,UNSW_NB15_testing-set.csv#id=081416,81416,0,UNSW_NB15_testing-set.csv
191,37216,UNSW_NB15_testing-set.csv#id=037266,37266,0,UNSW_NB15_testing-set.csv
192,27070,UNSW_NB15_testing-set.csv#id=027120,27120,0,UNSW_NB15_testing-set.csv
193,42790,UNSW_NB15_testing-set.csv#id=042840,42840,0,UNSW_NB15_testing-set.csv
194,73027,UNSW_NB15_testing-set.csv#id=073611,73611,0,UNSW_NB15_testing-set.csv
195,71469,UNSW_NB15_testing-set.csv#id=072053,72053,0,UNSW_NB15_testing-set.csv
196,77993,UNSW_NB15_testing-set.csv#id=078577,78577,0,UNSW_NB15_testing-set.csv
197,41730,UNSW_NB15_testing-set.csv#id=041780,41780,0,UNSW_NB15_testing-set.csv
198,33997,UNSW_NB15_testing-set.csv#id=034047,34047,0,UNSW_NB15_testing-set.csv
199,23505,UNSW_NB15_testing-set.csv#id=023555,23555,0,UNSW_NB15_testing-set.csv
200,39080,UNSW_NB15_testing-set.csv#id=039130,39130,0,UNSW_NB15_testing-set.csv
201,34485,UNSW_NB15_testing-set.csv#id=034535,34535,0,UNSW_NB15_testing-set.csv
202,39668,UNSW_NB15_testing-set.csv#id=039718,39718,0,UNSW_NB15_testing-set.csv
203,79805,UNSW_NB15_testing-set.csv#id=080389,80389,0,UNSW_NB15_testing-set.csv
204,33761,UNSW_NB15_testing-set.csv#id=033811,33811,0,UNSW_NB15_testing-set.csv
205,38683,UNSW_NB15_testing-set.csv#id=038733,38733,0,UNSW_NB15_testing-set.csv
206,74634,UNSW_NB15_testing-set.csv#id=075218,75218,0,UNSW_NB15_testing-set.csv
207,81319,UNSW_NB15_testing-set.csv#id=081903,81903,0,UNSW_NB15_testing-set.csv
208,39518,UNSW_NB15_testing-set.csv#id=039568,39568,0,UNSW_NB15_testing-set.csv
209,26532,UNSW_NB15_testing-set.csv#id=026582,26582,0,UNSW_NB15_testing-set.csv
210,23513,UNSW_NB15_testing-set.csv#id=023563,23563,0,UNSW_NB15_testing-set.csv
211,42785,UNSW_NB15_testing-set.csv#id=042835,42835,0,UNSW_NB15_testing-set.csv
212,69594,UNSW_NB15_testing-set.csv#id=070178,70178,0,UNSW_NB15_testing-set.csv
213,24240,UNSW_NB15_testing-set.csv#id=024290,24290,0,UNSW_NB15_testing-set.csv
214,66052,UNSW_NB15_testing-set.csv#id=066636,66636,0,UNSW_NB15_testing-set.csv
215,40385,UNSW_NB15_testing-set.csv#id=040435,40435,0,UNSW_NB15_testing-set.csv
216,27483,UNSW_NB15_testing-set.csv#id=027533,27533,0,UNSW_NB15_testing-set.csv
217,27513,UNSW_NB15_testing-set.csv#id=027563,27563,0,UNSW_NB15_testing-set.csv
218,67823,UNSW_NB15_testing-set.csv#id=068407,68407,0,UNSW_NB15_testing-set.csv
219,76547,UNSW_NB15_testing-set.csv#id=077131,77131,0,UNSW_NB15_testing-set.csv
220,75556,UNSW_NB15_testing-set.csv#id=076140,76140,0,UNSW_NB15_testing-set.csv
221,32882,UNSW_NB15_testing-set.csv#id=032932,32932,0,UNSW_NB15_testing-set.csv
222,27359,UNSW_NB15_testing-set.csv#id=027409,27409,0,UNSW_NB15_testing-set.csv
223,38419,UNSW_NB15_testing-set.csv#id=038469,38469,0,UNSW_NB15_testing-set.csv
224,79206,UNSW_NB15_testing-set.csv#id=079790,79790,0,UNSW_NB15_testing-set.csv
225,75408,UNSW_NB15_testing-set.csv#id=075992,75992,0,UNSW_NB15_testing-set.csv
226,70751,UNSW_NB15_testing-set.csv#id=071335,71335,0,UNSW_NB15_testing-set.csv
227,177,UNSW_NB15_testing-set.csv#id=000178,178,0,UNSW_NB15_testing-set.csv
228,80493,UNSW_NB15_testing-set.csv#id=081077,81077,0,UNSW_NB15_testing-set.csv
229,68367,UNSW_NB15_testing-set.csv#id=068951,68951,0,UNSW_NB15_testing-set.csv
230,36703,UNSW_NB15_testing-set.csv#id=036753,36753,0,UNSW_NB15_testing-set.csv
231,28137,UNSW_NB15_testing-set.csv#id=028187,28187,0,UNSW_NB15_testing-set.csv
232,40436,UNSW_NB15_testing-set.csv#id=040486,40486,0,UNSW_NB15_testing-set.csv
233,66948,UNSW_NB15_testing-set.csv#id=067532,67532,0,UNSW_NB15_testing-set.csv
234,73023,UNSW_NB15_testing-set.csv#id=073607,73607,0,UNSW_NB15_testing-set.csv
235,36141,UNSW_NB15_testing-set.csv#id=036191,36191,0,UNSW_NB15_testing-set.csv
236,78671,UNSW_NB15_testing-set.csv#id=079255,79255,0,UNSW_NB15_testing-set.csv
237,79141,UNSW_NB15_testing-set.csv#id=079725,79725,0,UNSW_NB15_testing-set.csv
238,43107,UNSW_NB15_testing-set.csv#id=043157,43157,0,UNSW_NB15_testing-set.csv
239,29446,UNSW_NB15_testing-set.csv#id=029496,29496,0,UNSW_NB15_testing-set.csv
240,71193,UNSW_NB15_testing-set.csv#id=071777,71777,0,UNSW_NB15_testing-set.csv
241,27704,UNSW_NB15_testing-set.csv#id=027754,27754,0,UNSW_NB15_testing-set.csv
242,36960,UNSW_NB15_testing-set.csv#id=037010,37010,0,UNSW_NB15_testing-set.csv
243,71478,UNSW_NB15_testing-set.csv#id=072062,72062,0,UNSW_NB15_testing-set.csv
244,38939,UNSW_NB15_testing-set.csv#id=038989,38989,0,UNSW_NB15_testing-set.csv
245,43185,UNSW_NB15_testing-set.csv#id=043235,43235,0,UNSW_NB15_testing-set.csv
246,78680,UNSW_NB15_testing-set.csv#id=079264,79264,0,UNSW_NB15_testing-set.csv
247,26194,UNSW_NB15_testing-set.csv#id=026244,26244,0,UNSW_NB15_testing-set.csv
248,28424,UNSW_NB15_testing-set.csv#id=028474,28474,0,UNSW_NB15_testing-set.csv
249,79596,UNSW_NB15_testing-set.csv#id=080180,80180,0,UNSW_NB15_testing-set.csv
250,28781,UNSW_NB15_testing-set.csv#id=028831,28831,0,UNSW_NB15_testing-set.csv
251,81510,UNSW_NB15_testing-set.csv#id=082094,82094,0,UNSW_NB15_testing-set.csv
252,34467,UNSW_NB15_testing-set.csv#id=034517,34517,0,UNSW_NB15_testing-set.csv
253,42362,UNSW_NB15_testing-set.csv#id=042412,42412,0,UNSW_NB15_testing-set.csv
254,36271,UNSW_NB15_testing-set.csv#id=036321,36321,0,UNSW_NB15_testing-set.csv
255,73580,UNSW_NB15_testing-set.csv#id=074164,74164,0,UNSW_NB15_testing-set.csv
256,32876,UNSW_NB15_testing-set.csv#id=032926,32926,0,UNSW_NB15_testing-set.csv
257,67754,UNSW_NB15_testing-set.csv#id=068338,68338,0,UNSW_NB15_testing-set.csv
258,72397,UNSW_NB15_testing-set.csv#id=072981,72981,0,UNSW_NB15_testing-set.csv
259,74377,UNSW_NB15_testing-set.csv#id=074961,74961,0,UNSW_NB15_testing-set.csv
260,77324,UNSW_NB15_testing-set.csv#id=077908,77908,0,UNSW_NB15_testing-set.csv
261,71518,UNSW_NB15_testing-set.csv#id=072102,72102,0,UNSW_NB15_testing-set.csv
262,35166,UNSW_NB15_testing-set.csv#id=035216,35216,0,UNSW_NB15_testing-set.csv
263,71241,UNSW_NB15_testing-set.csv#id=071825,71825,0,UNSW_NB15_testing-set.csv
264,69091,UNSW_NB15_testing-set.csv#id=069675,69675,0,UNSW_NB15_testing-set.csv
265,30620,UNSW_NB15_testing-set.csv#id=030670,30670,0,UNSW_NB15_testing-set.csv
266,72831,UNSW_NB15_testing-set.csv#id=073415,73415,0,UNSW_NB15_testing-set.csv
267,78174,UNSW_NB15_testing-set.csv#id=078758,78758,0,UNSW_NB15_testing-set.csv
268,38250,UNSW_NB15_testing-set.csv#id=038300,38300,0,UNSW_NB15_testing-set.csv
269,71182,UNSW_NB15_testing-set.csv#id=071766,71766,0,UNSW_NB15_testing-set.csv
270,68610,UNSW_NB15_testing-set.csv#id=069194,69194,0,UNSW_NB15_testing-set.csv
271,40775,UNSW_NB15_testing-set.csv#id=040825,40825,0,UNSW_NB15_testing-set.csv
272,26249,UNSW_NB15_testing-set.csv#id=026299,26299,0,UNSW_NB15_testing-set.csv
273,70910,UNSW_NB15_testing-set.csv#id=071494,71494,0,UNSW_NB15_testing-set.csv
274,27315,UNSW_NB15_testing-set.csv#id=027365,27365,0,UNSW_NB15_testing-set.csv
275,73260,UNSW_NB15_testing-set.csv#id=073844,73844,0,UNSW_NB15_testing-set.csv
276,27411,UNSW_NB15_testing-set.csv#id=027461,27461,0,UNSW_NB15_testing-set.csv
277,75405,UNSW_NB15_testing-set.csv#id=075989,75989,0,UNSW_NB15_testing-set.csv
278,78533,UNSW_NB15_testing-set.csv#id=079117,79117,0,UNSW_NB15_testing-set.csv
279,28115,UNSW_NB15_testing-set.csv#id=028165,28165,0,UNSW_NB15_testing-set.csv
280,66502,UNSW_NB15_testing-set.csv#id=067086,67086,0,UNSW_NB15_testing-set.csv
281,31619,UNSW_NB15_testing-set.csv#id=031669,31669,0,UNSW_NB15_testing-set.csv
282,40924,UNSW_NB15_testing-set.csv#id=040974,40974,0,UNSW_NB15_testing-set.csv
283,41852,UNSW_NB15_testing-set.csv#id=041902,41902,0,UNSW_NB15_testing-set.csv
284,73749,UNSW_NB15_testing-set.csv#id=074333,74333,0,UNSW_NB15_testing-set.csv
285,78136,UNSW_NB15_testing-set.csv#id=078720,78720,0,UNSW_NB15_testing-set.csv
286,72469,UNSW_NB15_testing-set.csv#id=073053,73053,0,UNSW_NB15_testing-set.csv
287,71157,UNSW_NB15_testing-set.csv#id=071741,71741,0,UNSW_NB15_testing-set.csv
288,42033,UNSW_NB15_testing-set.csv#id=042083,42083,0,UNSW_NB15_testing-set.csv
289,81627,UNSW_NB15_testing-set.csv#id=082211,82211,0,UNSW_NB15_testing-set.csv
290,39979,UNSW_NB15_testing-set.csv#id=040029,40029,0,UNSW_NB15_testing-set.csv
291,40340,UNSW_NB15_testing-set.csv#id=040390,40390,0,UNSW_NB15_testing-set.csv
292,65524,UNSW_NB15_testing-set.csv#id=066108,66108,0,UNSW_NB15_testing-set.csv
293,23353,UNSW_NB15_testing-set.csv#id=023403,23403,0,UNSW_NB15_testing-set.csv
294,43572,UNSW_NB15_testing-set.csv#id=043622,43622,0,UNSW_NB15_testing-set.csv
295,27762,UNSW_NB15_testing-set.csv#id=027812,27812,0,UNSW_NB15_testing-set.csv
296,29285,UNSW_NB15_testing-set.csv#id=029335,29335,0,UNSW_NB15_testing-set.csv
297,29155,UNSW_NB15_testing-set.csv#id=029205,29205,0,UNSW_NB15_testing-set.csv
298,67115,UNSW_NB15_testing-set.csv#id=067699,67699,0,UNSW_NB15_testing-set.csv
299,41963,UNSW_NB15_testing-set.csv#id=042013,42013,0,UNSW_NB15_testing-set.csv
300,26518,UNSW_NB15_testing-set.csv#id=026568,26568,0,UNSW_NB15_testing-set.csv
301,24888,UNSW_NB15_testing-set.csv#id=024938,24938,0,UNSW_NB15_testing-set.csv
302,66170,UNSW_NB15_testing-set.csv#id=066754,66754,0,UNSW_NB15_testing-set.csv
303,70955,UNSW_NB15_testing-set.csv#id=071539,71539,0,UNSW_NB15_testing-set.csv
304,32267,UNSW_NB15_testing-set.csv#id=032317,32317,0,UNSW_NB15_testing-set.csv
305,26339,UNSW_NB15_testing-set.csv#id=026389,26389,0,UNSW_NB15_testing-set.csv
306,79096,UNSW_NB15_testing-set.csv#id=079680,79680,0,UNSW_NB15_testing-set.csv
307,78565,UNSW_NB15_testing-set.csv#id=079149,79149,0,UNSW_NB15_testing-set.csv
308,73618,UNSW_NB15_testing-set.csv#id=074202,74202,0,UNSW_NB15_testing-set.csv
309,80937,UNSW_NB15_testing-set.csv#id=081521,81521,0,UNSW_NB15_testing-set.csv
310,73166,UNSW_NB15_testing-set.csv#id=073750,73750,0,UNSW_NB15_testing-set.csv
311,39233,UNSW_NB15_testing-set.csv#id=039283,39283,0,UNSW_NB15_testing-set.csv
312,66307,UNSW_NB15_testing-set.csv#id=066891,66891,0,UNSW_NB15_testing-set.csv
313,37837,UNSW_NB15_testing-set.csv#id=037887,37887,0,UNSW_NB15_testing-set.csv
314,73833,UNSW_NB15_testing-set.csv#id=074417,74417,0,UNSW_NB15_testing-set.csv
315,29219,UNSW_NB15_testing-set.csv#id=029269,29269,0,UNSW_NB15_testing-set.csv
316,79572,UNSW_NB15_testing-set.csv#id=080156,80156,0,UNSW_NB15_testing-set.csv
317,79612,UNSW_NB15_testing-set.csv#id=080196,80196,0,UNSW_NB15_testing-set.csv
318,28058,UNSW_NB15_testing-set.csv#id=028108,28108,0,UNSW_NB15_testing-set.csv
319,71023,UNSW_NB15_testing-set.csv#id=071607,71607,0,UNSW_NB15_testing-set.csv
320,78743,UNSW_NB15_testing-set.csv#id=079327,79327,0,UNSW_NB15_testing-set.csv
321,42072,UNSW_NB15_testing-set.csv#id=042122,42122,0,UNSW_NB15_testing-set.csv
322,26137,UNSW_NB15_testing-set.csv#id=026187,26187,0,UNSW_NB15_testing-set.csv
323,65845,UNSW_NB15_testing-set.csv#id=066429,66429,0,UNSW_NB15_testing-set.csv
324,71110,UNSW_NB15_testing-set.csv#id=071694,71694,0,UNSW_NB15_testing-set.csv
325,67339,UNSW_NB15_testing-set.csv#id=067923,67923,0,UNSW_NB15_testing-set.csv
326,26522,UNSW_NB15_testing-set.csv#id=026572,26572,0,UNSW_NB15_testing-set.csv
327,67861,UNSW_NB15_testing-set.csv#id=068445,68445,0,UNSW_NB15_testing-set.csv
328,67068,UNSW_NB15_testing-set.csv#id=067652,67652,0,UNSW_NB15_testing-set.csv
329,79353,UNSW_NB15_testing-set.csv#id=079937,79937,0,UNSW_NB15_testing-set.csv
330,27867,UNSW_NB15_testing-set.csv#id=027917,27917,0,UNSW_NB15_testing-set.csv
331,78135,UNSW_NB15_testing-set.csv#id=078719,78719,0,UNSW_NB15_testing-set.csv
332,76021,UNSW_NB15_testing-set.csv#id=076605,76605,0,UNSW_NB15_testing-set.csv
333,41355,UNSW_NB15_testing-set.csv#id=041405,41405,0,UNSW_NB15_testing-set.csv
334,69994,UNSW_NB15_testing-set.csv#id=070578,70578,0,UNSW_NB15_testing-set.csv
335,66457,UNSW_NB15_testing-set.csv#id=067041,67041,0,UNSW_NB15_testing-set.csv
336,30422,UNSW_NB15_testing-set.csv#id=030472,30472,0,UNSW_NB15_testing-set.csv
337,24345,UNSW_NB15_testing-set.csv#id=024395,24395,0,UNSW_NB15_testing-set.csv
338,71454,UNSW_NB15_testing-set.csv#id=072038,72038,0,UNSW_NB15_testing-set.csv
339,29489,UNSW_NB15_testing-set.csv#id=029539,29539,0,UNSW_NB15_testing-set.csv
340,33539,UNSW_NB15_testing-set.csv#id=033589,33589,0,UNSW_NB15_testing-set.csv
341,25701,UNSW_NB15_testing-set.csv#id=025751,25751,0,UNSW_NB15_testing-set.csv
342,67751,UNSW_NB15_testing-set.csv#id=068335,68335,0,UNSW_NB15_testing-set.csv
343,72598,UNSW_NB15_testing-set.csv#id=073182,73182,0,UNSW_NB15_testing-set.csv
344,42429,UNSW_NB15_testing-set.csv#id=042479,42479,0,UNSW_NB15_testing-set.csv
345,43168,UNSW_NB15_testing-set.csv#id=043218,43218,0,UNSW_NB15_testing-set.csv
346,73986,UNSW_NB15_testing-set.csv#id=074570,74570,0,UNSW_NB15_testing-set.csv
347,30423,UNSW_NB15_testing-set.csv#id=030473,30473,0,UNSW_NB15_testing-set.csv
348,68469,UNSW_NB15_testing-set.csv#id=069053,69053,0,UNSW_NB15_testing-set.csv
349,40852,UNSW_NB15_testing-set.csv#id=040902,40902,0,UNSW_NB15_testing-set.csv
350,75595,UNSW_NB15_testing-set.csv#id=076179,76179,0,UNSW_NB15_testing-set.csv
351,79664,UNSW_NB15_testing-set.csv#id=080248,80248,0,UNSW_NB15_testing-set.csv
352,42532,UNSW_NB15_testing-set.csv#id=042582,42582,0,UNSW_NB15_testing-set.csv
353,39808,UNSW_NB15_testing-set.csv#id=039858,39858,0,UNSW_NB15_testing-set.csv
354,35005,UNSW_NB15_testing-set.csv#id=035055,35055,0,UNSW_NB15_testing-set.csv
355,72753,UNSW_NB15_testing-set.csv#id=073337,73337,0,UNSW_NB15_testing-set.csv
356,40552,UNSW_NB15_testing-set.csv#id=040602,40602,0,UNSW_NB15_testing-set.csv
357,75805,UNSW_NB15_testing-set.csv#id=076389,76389,0,UNSW_NB15_testing-set.csv
358,78066,UNSW_NB15_testing-set.csv#id=078650,78650,0,UNSW_NB15_testing-set.csv
359,69140,UNSW_NB15_testing-set.csv#id=069724,69724,0,UNSW_NB15_testing-set.csv
360,79250,UNSW_NB15_testing-set.csv#id=079834,79834,0,UNSW_NB15_testing-set.csv
361,73575,UNSW_NB15_testing-set.csv#id=074159,74159,0,UNSW_NB15_testing-set.csv
362,33863,UNSW_NB15_testing-set.csv#id=033913,33913,0,UNSW_NB15_testing-set.csv
363,31629,UNSW_NB15_testing-set.csv#id=031679,31679,0,UNSW_NB15_testing-set.csv
364,69686,UNSW_NB15_testing-set.csv#id=070270,70270,0,UNSW_NB15_testing-set.csv
365,29719,UNSW_NB15_testing-set.csv#id=029769,29769,0,UNSW_NB15_testing-set.csv
366,36867,UNSW_NB15_testing-set.csv#id=036917,36917,0,UNSW_NB15_testing-set.csv
367,38847,UNSW_NB15_testing-set.csv#id=038897,38897,0,UNSW_NB15_testing-set.csv
368,34978,UNSW_NB15_testing-set.csv#id=035028,35028,0,UNSW_NB15_testing-set.csv
369,71551,UNSW_NB15_testing-set.csv#id=072135,72135,0,UNSW_NB15_testing-set.csv
370,36394,UNSW_NB15_testing-set.csv#id=036444,36444,0,UNSW_NB15_testing-set.csv
371,41437,UNSW_NB15_testing-set.csv#id=041487,41487,0,UNSW_NB15_testing-set.csv
372,36435,UNSW_NB15_testing-set.csv#id=036485,36485,0,UNSW_NB15_testing-set.csv
373,35371,UNSW_NB15_testing-set.csv#id=035421,35421,0,UNSW_NB15_testing-set.csv
374,31527,UNSW_NB15_testing-set.csv#id=031577,31577,0,UNSW_NB15_testing-set.csv
375,66726,UNSW_NB15_testing-set.csv#id=067310,67310,0,UNSW_NB15_testing-set.csv
376,38233,UNSW_NB15_testing-set.csv#id=038283,38283,0,UNSW_NB15_testing-set.csv
377,29074,UNSW_NB15_testing-set.csv#id=029124,29124,0,UNSW_NB15_testing-set.csv
378,40452,UNSW_NB15_testing-set.csv#id=040502,40502,0,UNSW_NB15_testing-set.csv
379,38843,UNSW_NB15_testing-set.csv#id=038893,38893,0,UNSW_NB15_testing-set.csv
380,28152,UNSW_NB15_testing-set.csv#id=028202,28202,0,UNSW_NB15_testing-set.csv
381,25292,UNSW_NB15_testing-set.csv#id=025342,25342,0,UNSW_NB15_testing-set.csv
382,32762,UNSW_NB15_testing-set.csv#id=032812,32812,0,UNSW_NB15_testing-set.csv
383,32156,UNSW_NB15_testing-set.csv#id=032206,32206,0,UNSW_NB15_testing-set.csv
384,68019,UNSW_NB15_testing-set.csv#id=068603,68603,0,UNSW_NB15_testing-set.csv
385,69715,UNSW_NB15_testing-set.csv#id=070299,70299,0,UNSW_NB15_testing-set.csv
386,37080,UNSW_NB15_testing-set.csv#id=037130,37130,0,UNSW_NB15_testing-set.csv
387,73282,UNSW_NB15_testing-set.csv#id=073866,73866,0,UNSW_NB15_testing-set.csv
388,39908,UNSW_NB15_testing-set.csv#id=039958,39958,0,UNSW_NB15_testing-set.csv
389,75087,UNSW_NB15_testing-set.csv#id=075671,75671,0,UNSW_NB15_testing-set.csv
390,75956,UNSW_NB15_testing-set.csv#id=076540,76540,0,UNSW_NB15_testing-set.csv
391,79939,UNSW_NB15_testing-set.csv#id=080523,80523,0,UNSW_NB15_testing-set.csv
392,41782,UNSW_NB15_testing-set.csv#id=041832,41832,0,UNSW_NB15_testing-set.csv
393,34826,UNSW_NB15_testing-set.csv#id=034876,34876,0,UNSW_NB15_testing-set.csv
394,42578,UNSW_NB15_testing-set.csv#id=042628,42628,0,UNSW_NB15_testing-set.csv
395,74814,UNSW_NB15_testing-set.csv#id=075398,75398,0,UNSW_NB15_testing-set.csv
396,27965,UNSW_NB15_testing-set.csv#id=028015,28015,0,UNSW_NB15_testing-set.csv
397,71648,UNSW_NB15_testing-set.csv#id=072232,72232,0,UNSW_NB15_testing-set.csv
398,73103,UNSW_NB15_testing-set.csv#id=073687,73687,0,UNSW_NB15_testing-set.csv
399,67181,UNSW_NB15_testing-set.csv#id=067765,67765,0,UNSW_NB15_testing-set.csv
400,68136,UNSW_NB15_testing-set.csv#id=068720,68720,0,UNSW_NB15_testing-set.csv
401,67602,UNSW_NB15_testing-set.csv#id=068186,68186,0,UNSW_NB15_testing-set.csv
402,73124,UNSW_NB15_testing-set.csv#id=073708,73708,0,UNSW_NB15_testing-set.csv
403,65840,UNSW_NB15_testing-set.csv#id=066424,66424,0,UNSW_NB15_testing-set.csv
404,73946,UNSW_NB15_testing-set.csv#id=074530,74530,0,UNSW_NB15_testing-set.csv
405,34743,UNSW_NB15_testing-set.csv#id=034793,34793,0,UNSW_NB15_testing-set.csv
406,80412,UNSW_NB15_testing-set.csv#id=080996,80996,0,UNSW_NB15_testing-set.csv
407,31801,UNSW_NB15_testing-set.csv#id=031851,31851,0,UNSW_NB15_testing-set.csv
408,77613,UNSW_NB15_testing-set.csv#id=078197,78197,0,UNSW_NB15_testing-set.csv
409,73902,UNSW_NB15_testing-set.csv#id=074486,74486,0,UNSW_NB15_testing-set.csv
410,75464,UNSW_NB15_testing-set.csv#id=076048,76048,0,UNSW_NB15_testing-set.csv
411,75230,UNSW_NB15_testing-set.csv#id=075814,75814,0,UNSW_NB15_testing-set.csv
412,26677,UNSW_NB15_testing-set.csv#id=026727,26727,0,UNSW_NB15_testing-set.csv
413,69852,UNSW_NB15_testing-set.csv#id=070436,70436,0,UNSW_NB15_testing-set.csv
414,81222,UNSW_NB15_testing-set.csv#id=081806,81806,0,UNSW_NB15_testing-set.csv
415,37783,UNSW_NB15_testing-set.csv#id=037833,37833,0,UNSW_NB15_testing-set.csv
416,24960,UNSW_NB15_testing-set.csv#id=025010,25010,0,UNSW_NB15_testing-set.csv
417,26955,UNSW_NB15_testing-set.csv#id=027005,27005,0,UNSW_NB15_testing-set.csv
418,75102,UNSW_NB15_testing-set.csv#id=075686,75686,0,UNSW_NB15_testing-set.csv
419,26466,UNSW_NB15_testing-set.csv#id=026516,26516,0,UNSW_NB15_testing-set.csv
420,26770,UNSW_NB15_testing-set.csv#id=026820,26820,0,UNSW_NB15_testing-set.csv
421,77293,UNSW_NB15_testing-set.csv#id=077877,77877,0,UNSW_NB15_testing-set.csv
422,42144,UNSW_NB15_testing-set.csv#id=042194,42194,0,UNSW_NB15_testing-set.csv
423,78470,UNSW_NB15_testing-set.csv#id=079054,79054,0,UNSW_NB15_testing-set.csv
424,36676,UNSW_NB15_testing-set.csv#id=036726,36726,0,UNSW_NB15_testing-set.csv
425,23325,UNSW_NB15_testing-set.csv#id=023375,23375,0,UNSW_NB15_testing-set.csv
426,24862,UNSW_NB15_testing-set.csv#id=024912,24912,0,UNSW_NB15_testing-set.csv
427,33350,UNSW_NB15_testing-set.csv#id=033400,33400,0,UNSW_NB15_testing-set.csv
428,38232,UNSW_NB15_testing-set.csv#id=038282,38282,0,UNSW_NB15_testing-set.csv
429,79315,UNSW_NB15_testing-set.csv#id=079899,79899,0,UNSW_NB15_testing-set.csv
430,65559,UNSW_NB15_testing-set.csv#id=066143,66143,0,UNSW_NB15_testing-set.csv
431,68158,UNSW_NB15_testing-set.csv#id=068742,68742,0,UNSW_NB15_testing-set.csv
432,32153,UNSW_NB15_testing-set.csv#id=032203,32203,0,UNSW_NB15_testing-set.csv
433,31377,UNSW_NB15_testing-set.csv#id=031427,31427,0,UNSW_NB15_testing-set.csv
434,31693,UNSW_NB15_testing-set.csv#id=031743,31743,0,UNSW_NB15_testing-set.csv
435,77144,UNSW_NB15_testing-set.csv#id=077728,77728,0,UNSW_NB15_testing-set.csv
436,29681,UNSW_NB15_testing-set.csv#id=029731,29731,0,UNSW_NB15_testing-set.csv
437,41034,UNSW_NB15_testing-set.csv#id=041084,41084,0,UNSW_NB15_testing-set.csv
438,24652,UNSW_NB15_testing-set.csv#id=024702,24702,0,UNSW_NB15_testing-set.csv
439,42618,UNSW_NB15_testing-set.csv#id=042668,42668,0,UNSW_NB15_testing-set.csv
440,75765,UNSW_NB15_testing-set.csv#id=076349,76349,0,UNSW_NB15_testing-set.csv
441,73634,UNSW_NB15_testing-set.csv#id=074218,74218,0,UNSW_NB15_testing-set.csv
442,76636,UNSW_NB15_testing-set.csv#id=077220,77220,0,UNSW_NB15_testing-set.csv
443,71572,UNSW_NB15_testing-set.csv#id=072156,72156,0,UNSW_NB15_testing-set.csv
444,41455,UNSW_NB15_testing-set.csv#id=041505,41505,0,UNSW_NB15_testing-set.csv
445,80627,UNSW_NB15_testing-set.csv#id=081211,81211,0,UNSW_NB15_testing-set.csv
446,34657,UNSW_NB15_testing-set.csv#id=034707,34707,0,UNSW_NB15_testing-set.csv
447,74935,UNSW_NB15_testing-set.csv#id=075519,75519,0,UNSW_NB15_testing-set.csv
448,37415,UNSW_NB15_testing-set.csv#id=037465,37465,0,UNSW_NB15_testing-set.csv
449,74022,UNSW_NB15_testing-set.csv#id=074606,74606,0,UNSW_NB15_testing-set.csv
450,69561,UNSW_NB15_testing-set.csv#id=070145,70145,0,UNSW_NB15_testing-set.csv
451,41877,UNSW_NB15_testing-set.csv#id=041927,41927,0,UNSW_NB15_testing-set.csv
452,66297,UNSW_NB15_testing-set.csv#id=066881,66881,0,UNSW_NB15_testing-set.csv
453,38716,UNSW_NB15_testing-set.csv#id=038766,38766,0,UNSW_NB15_testing-set.csv
454,25014,UNSW_NB15_testing-set.csv#id=025064,25064,0,UNSW_NB15_testing-set.csv
455,75043,UNSW_NB15_testing-set.csv#id=075627,75627,0,UNSW_NB15_testing-set.csv
456,29434,UNSW_NB15_testing-set.csv#id=029484,29484,0,UNSW_NB15_testing-set.csv
457,30170,UNSW_NB15_testing-set.csv#id=030220,30220,0,UNSW_NB15_testing-set.csv
458,25087,UNSW_NB15_testing-set.csv#id=025137,25137,0,UNSW_NB15_testing-set.csv
459,70600,UNSW_NB15_testing-set.csv#id=071184,71184,0,UNSW_NB15_testing-set.csv
460,23839,UNSW_NB15_testing-set.csv#id=023889,23889,0,UNSW_NB15_testing-set.csv
461,42767,UNSW_NB15_testing-set.csv#id=042817,42817,0,UNSW_NB15_testing-set.csv
462,27279,UNSW_NB15_testing-set.csv#id=027329,27329,0,UNSW_NB15_testing-set.csv
463,39683,UNSW_NB15_testing-set.csv#id=039733,39733,0,UNSW_NB15_testing-set.csv
464,28669,UNSW_NB15_testing-set.csv#id=028719,28719,0,UNSW_NB15_testing-set.csv
465,65805,UNSW_NB15_testing-set.csv#id=066389,66389,0,UNSW_NB15_testing-set.csv
466,33450,UNSW_NB15_testing-set.csv#id=033500,33500,0,UNSW_NB15_testing-set.csv
467,28751,UNSW_NB15_testing-set.csv#id=028801,28801,0,UNSW_NB15_testing-set.csv
468,29104,UNSW_NB15_testing-set.csv#id=029154,29154,0,UNSW_NB15_testing-set.csv
469,66578,UNSW_NB15_testing-set.csv#id=067162,67162,0,UNSW_NB15_testing-set.csv
470,78337,UNSW_NB15_testing-set.csv#id=078921,78921,0,UNSW_NB15_testing-set.csv
471,78130,UNSW_NB15_testing-set.csv#id=078714,78714,0,UNSW_NB15_testing-set.csv
472,28315,UNSW_NB15_testing-set.csv#id=028365,28365,0,UNSW_NB15_testing-set.csv
473,78427,UNSW_NB15_testing-set.csv#id=079011,79011,0,UNSW_NB15_testing-set.csv
474,34387,UNSW_NB15_testing-set.csv#id=034437,34437,0,UNSW_NB15_testing-set.csv
475,34693,UNSW_NB15_testing-set.csv#id=034743,34743,0,UNSW_NB15_testing-set.csv
476,74830,UNSW_NB15_testing-set.csv#id=075414,75414,0,UNSW_NB15_testing-set.csv
477,30082,UNSW_NB15_testing-set.csv#id=030132,30132,0,UNSW_NB15_testing-set.csv
478,28400,UNSW_NB15_testing-set.csv#id=028450,28450,0,UNSW_NB15_testing-set.csv
479,36122,UNSW_NB15_testing-set.csv#id=036172,36172,0,UNSW_NB15_testing-set.csv
480,66434,UNSW_NB15_testing-set.csv#id=067018,67018,0,UNSW_NB15_testing-set.csv
481,40412,UNSW_NB15_testing-set.csv#id=040462,40462,0,UNSW_NB15_testing-set.csv
482,25496,UNSW_NB15_testing-set.csv#id=025546,25546,0,UNSW_NB15_testing-set.csv
483,76914,UNSW_NB15_testing-set.csv#id=077498,77498,0,UNSW_NB15_testing-set.csv
484,26909,UNSW_NB15_testing-set.csv#id=026959,26959,0,UNSW_NB15_testing-set.csv
485,79744,UNSW_NB15_testing-set.csv#id=080328,80328,0,UNSW_NB15_testing-set.csv
486,74543,UNSW_NB15_testing-set.csv#id=075127,75127,0,UNSW_NB15_testing-set.csv
487,75430,UNSW_NB15_testing-set.csv#id=076014,76014,0,UNSW_NB15_testing-set.csv
488,71970,UNSW_NB15_testing-set.csv#id=072554,72554,0,UNSW_NB15_testing-set.csv
489,81041,UNSW_NB15_testing-set.csv#id=081625,81625,0,UNSW_NB15_testing-set.csv
490,31704,UNSW_NB15_testing-set.csv#id=031754,31754,0,UNSW_NB15_testing-set.csv
491,32873,UNSW_NB15_testing-set.csv#id=032923,32923,0,UNSW_NB15_testing-set.csv
492,32112,UNSW_NB15_testing-set.csv#id=032162,32162,0,UNSW_NB15_testing-set.csv
493,42446,UNSW_NB15_testing-set.csv#id=042496,42496,0,UNSW_NB15_testing-set.csv
494,39632,UNSW_NB15_testing-set.csv#id=039682,39682,0,UNSW_NB15_testing-set.csv
495,33070,UNSW_NB15_testing-set.csv#id=033120,33120,0,UNSW_NB15_testing-set.csv
496,76409,UNSW_NB15_testing-set.csv#id=076993,76993,0,UNSW_NB15_testing-set.csv
497,79882,UNSW_NB15_testing-set.csv#id=080466,80466,0,UNSW_NB15_testing-set.csv
498,68543,UNSW_NB15_testing-set.csv#id=069127,69127,0,UNSW_NB15_testing-set.csv
499,27219,UNSW_NB15_testing-set.csv#id=027269,27269,0,UNSW_NB15_testing-set.csv
500,38613,UNSW_NB15_testing-set.csv#id=038663,38663,0,UNSW_NB15_testing-set.csv
501,78567,UNSW_NB15_testing-set.csv#id=079151,79151,0,UNSW_NB15_testing-set.csv
502,36726,UNSW_NB15_testing-set.csv#id=036776,36776,0,UNSW_NB15_testing-set.csv
503,27408,UNSW_NB15_testing-set.csv#id=027458,27458,0,UNSW_NB15_testing-set.csv
504,38128,UNSW_NB15_testing-set.csv#id=038178,38178,0,UNSW_NB15_testing-set.csv
505,33649,UNSW_NB15_testing-set.csv#id=033699,33699,0,UNSW_NB15_testing-set.csv
506,66766,UNSW_NB15_testing-set.csv#id=067350,67350,0,UNSW_NB15_testing-set.csv
507,72252,UNSW_NB15_testing-set.csv#id=072836,72836,0,UNSW_NB15_testing-set.csv
508,76429,UNSW_NB15_testing-set.csv#id=077013,77013,0,UNSW_NB15_testing-set.csv
509,78821,UNSW_NB15_testing-set.csv#id=079405,79405,0,UNSW_NB15_testing-set.csv
510,66875,UNSW_NB15_testing-set.csv#id=067459,67459,0,UNSW_NB15_testing-set.csv
511,72686,UNSW_NB15_testing-set.csv#id=073270,73270,0,UNSW_NB15_testing-set.csv
512,42447,UNSW_NB15_testing-set.csv#id=042497,42497,0,UNSW_NB15_testing-set.csv
513,35272,UNSW_NB15_testing-set.csv#id=035322,35322,0,UNSW_NB15_testing-set.csv
514,31562,UNSW_NB15_testing-set.csv#id=031612,31612,0,UNSW_NB15_testing-set.csv
515,39975,UNSW_NB15_testing-set.csv#id=040025,40025,0,UNSW_NB15_testing-set.csv
516,73846,UNSW_NB15_testing-set.csv#id=074430,74430,0,UNSW_NB15_testing-set.csv
517,32216,UNSW_NB15_testing-set.csv#id=032266,32266,0,UNSW_NB15_testing-set.csv
518,75038,UNSW_NB15_testing-set.csv#id=075622,75622,0,UNSW_NB15_testing-set.csv
519,33583,UNSW_NB15_testing-set.csv#id=033633,33633,0,UNSW_NB15_testing-set.csv
520,27054,UNSW_NB15_testing-set.csv#id=027104,27104,0,UNSW_NB15_testing-set.csv
521,68983,UNSW_NB15_testing-set.csv#id=069567,69567,0,UNSW_NB15_testing-set.csv
522,23719,UNSW_NB15_testing-set.csv#id=023769,23769,0,UNSW_NB15_testing-set.csv
523,75684,UNSW_NB15_testing-set.csv#id=076268,76268,0,UNSW_NB15_testing-set.csv
524,73412,UNSW_NB15_testing-set.csv#id=073996,73996,0,UNSW_NB15_testing-set.csv
525,67917,UNSW_NB15_testing-set.csv#id=068501,68501,0,UNSW_NB15_testing-set.csv
526,40140,UNSW_NB15_testing-set.csv#id=040190,40190,0,UNSW_NB15_testing-set.csv
527,38851,UNSW_NB15_testing-set.csv#id=038901,38901,0,UNSW_NB15_testing-set.csv
528,74131,UNSW_NB15_testing-set.csv#id=074715,74715,0,UNSW_NB15_testing-set.csv
529,71720,UNSW_NB15_testing-set.csv#id=072304,72304,0,UNSW_NB15_testing-set.csv
530,78833,UNSW_NB15_testing-set.csv#id=079417,79417,0,UNSW_NB15_testing-set.csv
531,29697,UNSW_NB15_testing-set.csv#id=029747,29747,0,UNSW_NB15_testing-set.csv
532,66524,UNSW_NB15_testing-set.csv#id=067108,67108,0,UNSW_NB15_testing-set.csv
533,29131,UNSW_NB15_testing-set.csv#id=029181,29181,0,UNSW_NB15_testing-set.csv
534,80050,UNSW_NB15_testing-set.csv#id=080634,80634,0,UNSW_NB15_testing-set.csv
535,237,UNSW_NB15_testing-set.csv#id=000238,238,0,UNSW_NB15_testing-set.csv
536,38381,UNSW_NB15_testing-set.csv#id=038431,38431,0,UNSW_NB15_testing-set.csv
537,72109,UNSW_NB15_testing-set.csv#id=072693,72693,0,UNSW_NB15_testing-set.csv
538,28195,UNSW_NB15_testing-set.csv#id=028245,28245,0,UNSW_NB15_testing-set.csv
539,71179,UNSW_NB15_testing-set.csv#id=071763,71763,0,UNSW_NB15_testing-set.csv
540,26937,UNSW_NB15_testing-set.csv#id=026987,26987,0,UNSW_NB15_testing-set.csv
541,75473,UNSW_NB15_testing-set.csv#id=076057,76057,0,UNSW_NB15_testing-set.csv
542,67916,UNSW_NB15_testing-set.csv#id=068500,68500,0,UNSW_NB15_testing-set.csv
543,28484,UNSW_NB15_testing-set.csv#id=028534,28534,0,UNSW_NB15_testing-set.csv
544,43357,UNSW_NB15_testing-set.csv#id=043407,43407,0,UNSW_NB15_testing-set.csv
545,66564,UNSW_NB15_testing-set.csv#id=067148,67148,0,UNSW_NB15_testing-set.csv
546,23976,UNSW_NB15_testing-set.csv#id=024026,24026,0,UNSW_NB15_testing-set.csv
547,41311,UNSW_NB15_testing-set.csv#id=041361,41361,0,UNSW_NB15_testing-set.csv
548,78549,UNSW_NB15_testing-set.csv#id=079133,79133,0,UNSW_NB15_testing-set.csv
549,79847,UNSW_NB15_testing-set.csv#id=080431,80431,0,UNSW_NB15_testing-set.csv
550,33537,UNSW_NB15_testing-set.csv#id=033587,33587,0,UNSW_NB15_testing-set.csv
551,42112,UNSW_NB15_testing-set.csv#id=042162,42162,0,UNSW_NB15_testing-set.csv
552,79679,UNSW_NB15_testing-set.csv#id=080263,80263,0,UNSW_NB15_testing-set.csv
553,34536,UNSW_NB15_testing-set.csv#id=034586,34586,0,UNSW_NB15_testing-set.csv
554,68980,UNSW_NB15_testing-set.csv#id=069564,69564,0,UNSW_NB15_testing-set.csv
555,41652,UNSW_NB15_testing-set.csv#id=041702,41702,0,UNSW_NB15_testing-set.csv
556,40929,UNSW_NB15_testing-set.csv#id=040979,40979,0,UNSW_NB15_testing-set.csv
557,27901,UNSW_NB15_testing-set.csv#id=027951,27951,0,UNSW_NB15_testing-set.csv
558,34070,UNSW_NB15_testing-set.csv#id=034120,34120,0,UNSW_NB15_testing-set.csv
559,80326,UNSW_NB15_testing-set.csv#id=080910,80910,0,UNSW_NB15_testing-set.csv
560,37603,UNSW_NB15_testing-set.csv#id=037653,37653,0,UNSW_NB15_testing-set.csv
561,26024,UNSW_NB15_testing-set.csv#id=026074,26074,0,UNSW_NB15_testing-set.csv
562,78663,UNSW_NB15_testing-set.csv#id=079247,79247,0,UNSW_NB15_testing-set.csv
563,65491,UNSW_NB15_testing-set.csv#id=066075,66075,0,UNSW_NB15_testing-set.csv
564,27593,UNSW_NB15_testing-set.csv#id=027643,27643,0,UNSW_NB15_testing-set.csv
565,38931,UNSW_NB15_testing-set.csv#id=038981,38981,0,UNSW_NB15_testing-set.csv
566,27860,UNSW_NB15_testing-set.csv#id=027910,27910,0,UNSW_NB15_testing-set.csv
567,74952,UNSW_NB15_testing-set.csv#id=075536,75536,0,UNSW_NB15_testing-set.csv
568,71772,UNSW_NB15_testing-set.csv#id=072356,72356,0,UNSW_NB15_testing-set.csv
569,26154,UNSW_NB15_testing-set.csv#id=026204,26204,0,UNSW_NB15_testing-set.csv
570,70912,UNSW_NB15_testing-set.csv#id=071496,71496,0,UNSW_NB15_testing-set.csv
571,23986,UNSW_NB15_testing-set.csv#id=024036,24036,0,UNSW_NB15_testing-set.csv
572,74158,UNSW_NB15_testing-set.csv#id=074742,74742,0,UNSW_NB15_testing-set.csv
573,76360,UNSW_NB15_testing-set.csv#id=076944,76944,0,UNSW_NB15_testing-set.csv
574,30374,UNSW_NB15_testing-set.csv#id=030424,30424,0,UNSW_NB15_testing-set.csv
575,38321,UNSW_NB15_testing-set.csv#id=038371,38371,0,UNSW_NB15_testing-set.csv
576,66004,UNSW_NB15_testing-set.csv#id=066588,66588,0,UNSW_NB15_testing-set.csv
577,72774,UNSW_NB15_testing-set.csv#id=073358,73358,0,UNSW_NB15_testing-set.csv
578,70144,UNSW_NB15_testing-set.csv#id=070728,70728,0,UNSW_NB15_testing-set.csv
579,78677,UNSW_NB15_testing-set.csv#id=079261,79261,0,UNSW_NB15_testing-set.csv
580,41590,UNSW_NB15_testing-set.csv#id=041640,41640,0,UNSW_NB15_testing-set.csv
581,33915,UNSW_NB15_testing-set.csv#id=033965,33965,0,UNSW_NB15_testing-set.csv
582,27524,UNSW_NB15_testing-set.csv#id=027574,27574,0,UNSW_NB15_testing-set.csv
583,80210,UNSW_NB15_testing-set.csv#id=080794,80794,0,UNSW_NB15_testing-set.csv
584,69541,UNSW_NB15_testing-set.csv#id=070125,70125,0,UNSW_NB15_testing-set.csv
585,23725,UNSW_NB15_testing-set.csv#id=023775,23775,0,UNSW_NB15_testing-set.csv
586,27890,UNSW_NB15_testing-set.csv#id=027940,27940,0,UNSW_NB15_testing-set.csv
587,33286,UNSW_NB15_testing-set.csv#id=033336,33336,0,UNSW_NB15_testing-set.csv
588,31470,UNSW_NB15_testing-set.csv#id=031520,31520,0,UNSW_NB15_testing-set.csv
589,29444,UNSW_NB15_testing-set.csv#id=029494,29494,0,UNSW_NB15_testing-set.csv
590,23577,UNSW_NB15_testing-set.csv#id=023627,23627,0,UNSW_NB15_testing-set.csv
591,78939,UNSW_NB15_testing-set.csv#id=079523,79523,0,UNSW_NB15_testing-set.csv
592,28333,UNSW_NB15_testing-set.csv#id=028383,28383,0,UNSW_NB15_testing-set.csv
593,38938,UNSW_NB15_testing-set.csv#id=038988,38988,0,UNSW_NB15_testing-set.csv
594,41392,UNSW_NB15_testing-set.csv#id=041442,41442,0,UNSW_NB15_testing-set.csv
595,41340,UNSW_NB15_testing-set.csv#id=041390,41390,0,UNSW_NB15_testing-set.csv
596,80314,UNSW_NB15_testing-set.csv#id=080898,80898,0,UNSW_NB15_testing-set.csv
597,34794,UNSW_NB15_testing-set.csv#id=034844,34844,0,UNSW_NB15_testing-set.csv
598,73201,UNSW_NB15_testing-set.csv#id=073785,73785,0,UNSW_NB15_testing-set.csv
599,81276,UNSW_NB15_testing-set.csv#id=081860,81860,0,UNSW_NB15_testing-set.csv
600,34426,UNSW_NB15_testing-set.csv#id=034476,34476,0,UNSW_NB15_testing-set.csv
601,33335,UNSW_NB15_testing-set.csv#id=033385,33385,0,UNSW_NB15_testing-set.csv
602,30258,UNSW_NB15_testing-set.csv#id=030308,30308,0,UNSW_NB15_testing-set.csv
603,24707,UNSW_NB15_testing-set.csv#id=024757,24757,0,UNSW_NB15_testing-set.csv
604,76762,UNSW_NB15_testing-set.csv#id=077346,77346,0,UNSW_NB15_testing-set.csv
605,71102,UNSW_NB15_testing-set.csv#id=071686,71686,0,UNSW_NB15_testing-set.csv
606,66690,UNSW_NB15_testing-set.csv#id=067274,67274,0,UNSW_NB15_testing-set.csv
607,36510,UNSW_NB15_testing-set.csv#id=036560,36560,0,UNSW_NB15_testing-set.csv
608,29630,UNSW_NB15_testing-set.csv#id=029680,29680,0,UNSW_NB15_testing-set.csv
609,72087,UNSW_NB15_testing-set.csv#id=072671,72671,0,UNSW_NB15_testing-set.csv
610,28679,UNSW_NB15_testing-set.csv#id=028729,28729,0,UNSW_NB15_testing-set.csv
611,77403,UNSW_NB15_testing-set.csv#id=077987,77987,0,UNSW_NB15_testing-set.csv
612,75178,UNSW_NB15_testing-set.csv#id=075762,75762,0,UNSW_NB15_testing-set.csv
613,25544,UNSW_NB15_testing-set.csv#id=025594,25594,0,UNSW_NB15_testing-set.csv
614,27562,UNSW_NB15_testing-set.csv#id=027612,27612,0,UNSW_NB15_testing-set.csv
615,24236,UNSW_NB15_testing-set.csv#id=024286,24286,0,UNSW_NB15_testing-set.csv
616,31891,UNSW_NB15_testing-set.csv#id=031941,31941,0,UNSW_NB15_testing-set.csv
617,79453,UNSW_NB15_testing-set.csv#id=080037,80037,0,UNSW_NB15_testing-set.csv
618,79054,UNSW_NB15_testing-set.csv#id=079638,79638,0,UNSW_NB15_testing-set.csv
619,194,UNSW_NB15_testing-set.csv#id=000195,195,0,UNSW_NB15_testing-set.csv
620,32679,UNSW_NB15_testing-set.csv#id=032729,32729,0,UNSW_NB15_testing-set.csv
621,36984,UNSW_NB15_testing-set.csv#id=037034,37034,0,UNSW_NB15_testing-set.csv
622,72098,UNSW_NB15_testing-set.csv#id=072682,72682,0,UNSW_NB15_testing-set.csv
623,71726,UNSW_NB15_testing-set.csv#id=072310,72310,0,UNSW_NB15_testing-set.csv
624,26527,UNSW_NB15_testing-set.csv#id=026577,26577,0,UNSW_NB15_testing-set.csv
625,77210,UNSW_NB15_testing-set.csv#id=077794,77794,0,UNSW_NB15_testing-set.csv
626,36753,UNSW_NB15_testing-set.csv#id=036803,36803,0,UNSW_NB15_testing-set.csv
627,38093,UNSW_NB15_testing-set.csv#id=038143,38143,0,UNSW_NB15_testing-set.csv
628,68984,UNSW_NB15_testing-set.csv#id=069568,69568,0,UNSW_NB15_testing-set.csv
629,35360,UNSW_NB15_testing-set.csv#id=035410,35410,0,UNSW_NB15_testing-set.csv
630,73028,UNSW_NB15_testing-set.csv#id=073612,73612,0,UNSW_NB15_testing-set.csv
631,23878,UNSW_NB15_testing-set.csv#id=023928,23928,0,UNSW_NB15_testing-set.csv
632,34641,UNSW_NB15_testing-set.csv#id=034691,34691,0,UNSW_NB15_testing-set.csv
633,40269,UNSW_NB15_testing-set.csv#id=040319,40319,0,UNSW_NB15_testing-set.csv
634,42076,UNSW_NB15_testing-set.csv#id=042126,42126,0,UNSW_NB15_testing-set.csv
635,27317,UNSW_NB15_testing-set.csv#id=027367,27367,0,UNSW_NB15_testing-set.csv
636,77482,UNSW_NB15_testing-set.csv#id=078066,78066,0,UNSW_NB15_testing-set.csv
637,31253,UNSW_NB15_testing-set.csv#id=031303,31303,0,UNSW_NB15_testing-set.csv
638,77386,UNSW_NB15_testing-set.csv#id=077970,77970,0,UNSW_NB15_testing-set.csv
639,75733,UNSW_NB15_testing-set.csv#id=076317,76317,0,UNSW_NB15_testing-set.csv
640,72178,UNSW_NB15_testing-set.csv#id=072762,72762,0,UNSW_NB15_testing-set.csv
641,26399,UNSW_NB15_testing-set.csv#id=026449,26449,0,UNSW_NB15_testing-set.csv
642,77422,UNSW_NB15_testing-set.csv#id=078006,78006,0,UNSW_NB15_testing-set.csv
643,28621,UNSW_NB15_testing-set.csv#id=028671,28671,0,UNSW_NB15_testing-set.csv
644,81114,UNSW_NB15_testing-set.csv#id=081698,81698,0,UNSW_NB15_testing-set.csv
645,80272,UNSW_NB15_testing-set.csv#id=080856,80856,0,UNSW_NB15_testing-set.csv
646,39013,UNSW_NB15_testing-set.csv#id=039063,39063,0,UNSW_NB15_testing-set.csv
647,34018,UNSW_NB15_testing-set.csv#id=034068,34068,0,UNSW_NB15_testing-set.csv
648,24713,UNSW_NB15_testing-set.csv#id=024763,24763,0,UNSW_NB15_testing-set.csv
649,42608,UNSW_NB15_testing-set.csv#id=042658,42658,0,UNSW_NB15_testing-set.csv
650,29101,UNSW_NB15_testing-set.csv#id=029151,29151,0,UNSW_NB15_testing-set.csv
651,29691,UNSW_NB15_testing-set.csv#id=029741,29741,0,UNSW_NB15_testing-set.csv
652,79057,UNSW_NB15_testing-set.csv#id=079641,79641,0,UNSW_NB15_testing-set.csv
653,81087,UNSW_NB15_testing-set.csv#id=081671,81671,0,UNSW_NB15_testing-set.csv
654,32450,UNSW_NB15_testing-set.csv#id=032500,32500,0,UNSW_NB15_testing-set.csv
655,77942,UNSW_NB15_testing-set.csv#id=078526,78526,0,UNSW_NB15_testing-set.csv
656,41948,UNSW_NB15_testing-set.csv#id=041998,41998,0,UNSW_NB15_testing-set.csv
657,67545,UNSW_NB15_testing-set.csv#id=068129,68129,0,UNSW_NB15_testing-set.csv
658,33732,UNSW_NB15_testing-set.csv#id=033782,33782,0,UNSW_NB15_testing-set.csv
659,68021,UNSW_NB15_testing-set.csv#id=068605,68605,0,UNSW_NB15_testing-set.csv
660,79683,UNSW_NB15_testing-set.csv#id=080267,80267,0,UNSW_NB15_testing-set.csv
661,30500,UNSW_NB15_testing-set.csv#id=030550,30550,0,UNSW_NB15_testing-set.csv
662,34695,UNSW_NB15_testing-set.csv#id=034745,34745,0,UNSW_NB15_testing-set.csv
663,80064,UNSW_NB15_testing-set.csv#id=080648,80648,0,UNSW_NB15_testing-set.csv
664,74383,UNSW_NB15_testing-set.csv#id=074967,74967,0,UNSW_NB15_testing-set.csv
665,39935,UNSW_NB15_testing-set.csv#id=039985,39985,0,UNSW_NB15_testing-set.csv
666,75174,UNSW_NB15_testing-set.csv#id=075758,75758,0,UNSW_NB15_testing-set.csv
667,34433,UNSW_NB15_testing-set.csv#id=034483,34483,0,UNSW_NB15_testing-set.csv
668,36669,UNSW_NB15_testing-set.csv#id=036719,36719,0,UNSW_NB15_testing-set.csv
669,43119,UNSW_NB15_testing-set.csv#id=043169,43169,0,UNSW_NB15_testing-set.csv
670,43414,UNSW_NB15_testing-set.csv#id=043464,43464,0,UNSW_NB15_testing-set.csv
671,28248,UNSW_NB15_testing-set.csv#id=028298,28298,0,UNSW_NB15_testing-set.csv
672,24440,UNSW_NB15_testing-set.csv#id=024490,24490,0,UNSW_NB15_testing-set.csv
673,31739,UNSW_NB15_testing-set.csv#id=031789,31789,0,UNSW_NB15_testing-set.csv
674,31511,UNSW_NB15_testing-set.csv#id=031561,31561,0,UNSW_NB15_testing-set.csv
675,80513,UNSW_NB15_testing-set.csv#id=081097,81097,0,UNSW_NB15_testing-set.csv
676,78345,UNSW_NB15_testing-set.csv#id=078929,78929,0,UNSW_NB15_testing-set.csv
677,67292,UNSW_NB15_testing-set.csv#id=067876,67876,0,UNSW_NB15_testing-set.csv
678,27019,UNSW_NB15_testing-set.csv#id=027069,27069,0,UNSW_NB15_testing-set.csv
679,34830,UNSW_NB15_testing-set.csv#id=034880,34880,0,UNSW_NB15_testing-set.csv
680,72943,UNSW_NB15_testing-set.csv#id=073527,73527,0,UNSW_NB15_testing-set.csv
681,79184,UNSW_NB15_testing-set.csv#id=079768,79768,0,UNSW_NB15_testing-set.csv
682,71417,UNSW_NB15_testing-set.csv#id=072001,72001,0,UNSW_NB15_testing-set.csv
683,71539,UNSW_NB15_testing-set.csv#id=072123,72123,0,UNSW_NB15_testing-set.csv
684,68939,UNSW_NB15_testing-set.csv#id=069523,69523,0,UNSW_NB15_testing-set.csv
685,32014,UNSW_NB15_testing-set.csv#id=032064,32064,0,UNSW_NB15_testing-set.csv
686,33385,UNSW_NB15_testing-set.csv#id=033435,33435,0,UNSW_NB15_testing-set.csv
687,27429,UNSW_NB15_testing-set.csv#id=027479,27479,0,UNSW_NB15_testing-set.csv
688,69412,UNSW_NB15_testing-set.csv#id=069996,69996,0,UNSW_NB15_testing-set.csv
689,69184,UNSW_NB15_testing-set.csv#id=069768,69768,0,UNSW_NB15_testing-set.csv
690,27051,UNSW_NB15_testing-set.csv#id=027101,27101,0,UNSW_NB15_testing-set.csv
691,34651,UNSW_NB15_testing-set.csv#id=034701,34701,0,UNSW_NB15_testing-set.csv
692,43397,UNSW_NB15_testing-set.csv#id=043447,43447,0,UNSW_NB15_testing-set.csv
693,34156,UNSW_NB15_testing-set.csv#id=034206,34206,0,UNSW_NB15_testing-set.csv
694,28214,UNSW_NB15_testing-set.csv#id=028264,28264,0,UNSW_NB15_testing-set.csv
695,42987,UNSW_NB15_testing-set.csv#id=043037,43037,0,UNSW_NB15_testing-set.csv
696,77635,UNSW_NB15_testing-set.csv#id=078219,78219,0,UNSW_NB15_testing-set.csv
697,23431,UNSW_NB15_testing-set.csv#id=023481,23481,0,UNSW_NB15_testing-set.csv
698,75073,UNSW_NB15_testing-set.csv#id=075657,75657,0,UNSW_NB15_testing-set.csv
699,36414,UNSW_NB15_testing-set.csv#id=036464,36464,0,UNSW_NB15_testing-set.csv
700,23861,UNSW_NB15_testing-set.csv#id=023911,23911,0,UNSW_NB15_testing-set.csv
701,33511,UNSW_NB15_testing-set.csv#id=033561,33561,0,UNSW_NB15_testing-set.csv
702,39177,UNSW_NB15_testing-set.csv#id=039227,39227,0,UNSW_NB15_testing-set.csv
703,75939,UNSW_NB15_testing-set.csv#id=076523,76523,0,UNSW_NB15_testing-set.csv
704,42179,UNSW_NB15_testing-set.csv#id=042229,42229,0,UNSW_NB15_testing-set.csv
705,43072,UNSW_NB15_testing-set.csv#id=043122,43122,0,UNSW_NB15_testing-set.csv
706,35238,UNSW_NB15_testing-set.csv#id=035288,35288,0,UNSW_NB15_testing-set.csv
707,79760,UNSW_NB15_testing-set.csv#id=080344,80344,0,UNSW_NB15_testing-set.csv
708,32868,UNSW_NB15_testing-set.csv#id=032918,32918,0,UNSW_NB15_testing-set.csv
709,74395,UNSW_NB15_testing-set.csv#id=074979,74979,0,UNSW_NB15_testing-set.csv
710,40450,UNSW_NB15_testing-set.csv#id=040500,40500,0,UNSW_NB15_testing-set.csv
711,42974,UNSW_NB15_testing-set.csv#id=043024,43024,0,UNSW_NB15_testing-set.csv
712,65738,UNSW_NB15_testing-set.csv#id=066322,66322,0,UNSW_NB15_testing-set.csv
713,28979,UNSW_NB15_testing-set.csv#id=029029,29029,0,UNSW_NB15_testing-set.csv
714,79181,UNSW_NB15_testing-set.csv#id=079765,79765,0,UNSW_NB15_testing-set.csv
715,39265,UNSW_NB15_testing-set.csv#id=039315,39315,0,UNSW_NB15_testing-set.csv
716,41085,UNSW_NB15_testing-set.csv#id=041135,41135,0,UNSW_NB15_testing-set.csv
717,69391,UNSW_NB15_testing-set.csv#id=069975,69975,0,UNSW_NB15_testing-set.csv
718,40937,UNSW_NB15_testing-set.csv#id=040987,40987,0,UNSW_NB15_testing-set.csv
719,33197,UNSW_NB15_testing-set.csv#id=033247,33247,0,UNSW_NB15_testing-set.csv
720,26105,UNSW_NB15_testing-set.csv#id=026155,26155,0,UNSW_NB15_testing-set.csv
721,25453,UNSW_NB15_testing-set.csv#id=025503,25503,0,UNSW_NB15_testing-set.csv
722,73493,UNSW_NB15_testing-set.csv#id=074077,74077,0,UNSW_NB15_testing-set.csv
723,40222,UNSW_NB15_testing-set.csv#id=040272,40272,0,UNSW_NB15_testing-set.csv
724,40780,UNSW_NB15_testing-set.csv#id=040830,40830,0,UNSW_NB15_testing-set.csv
725,38425,UNSW_NB15_testing-set.csv#id=038475,38475,0,UNSW_NB15_testing-set.csv
726,79954,UNSW_NB15_testing-set.csv#id=080538,80538,0,UNSW_NB15_testing-set.csv
727,28632,UNSW_NB15_testing-set.csv#id=028682,28682,0,UNSW_NB15_testing-set.csv
728,23905,UNSW_NB15_testing-set.csv#id=023955,23955,0,UNSW_NB15_testing-set.csv
729,33894,UNSW_NB15_testing-set.csv#id=033944,33944,0,UNSW_NB15_testing-set.csv
730,66453,UNSW_NB15_testing-set.csv#id=067037,67037,0,UNSW_NB15_testing-set.csv
731,67245,UNSW_NB15_testing-set.csv#id=067829,67829,0,UNSW_NB15_testing-set.csv
732,35809,UNSW_NB15_testing-set.csv#id=035859,35859,0,UNSW_NB15_testing-set.csv
733,39489,UNSW_NB15_testing-set.csv#id=039539,39539,0,UNSW_NB15_testing-set.csv
734,66094,UNSW_NB15_testing-set.csv#id=066678,66678,0,UNSW_NB15_testing-set.csv
735,81106,UNSW_NB15_testing-set.csv#id=081690,81690,0,UNSW_NB15_testing-set.csv
736,78735,UNSW_NB15_testing-set.csv#id=079319,79319,0,UNSW_NB15_testing-set.csv
737,34089,UNSW_NB15_testing-set.csv#id=034139,34139,0,UNSW_NB15_testing-set.csv
738,29335,UNSW_NB15_testing-set.csv#id=029385,29385,0,UNSW_NB15_testing-set.csv
739,73901,UNSW_NB15_testing-set.csv#id=074485,74485,0,UNSW_NB15_testing-set.csv
740,66339,UNSW_NB15_testing-set.csv#id=066923,66923,0,UNSW_NB15_testing-set.csv
741,29504,UNSW_NB15_testing-set.csv#id=029554,29554,0,UNSW_NB15_testing-set.csv
742,26867,UNSW_NB15_testing-set.csv#id=026917,26917,0,UNSW_NB15_testing-set.csv
743,69650,UNSW_NB15_testing-set.csv#id=070234,70234,0,UNSW_NB15_testing-set.csv
744,28378,UNSW_NB15_testing-set.csv#id=028428,28428,0,UNSW_NB15_testing-set.csv
745,69023,UNSW_NB15_testing-set.csv#id=069607,69607,0,UNSW_NB15_testing-set.csv
746,35189,UNSW_NB15_testing-set.csv#id=035239,35239,0,UNSW_NB15_testing-set.csv
747,29984,UNSW_NB15_testing-set.csv#id=030034,30034,0,UNSW_NB15_testing-set.csv
748,41221,UNSW_NB15_testing-set.csv#id=041271,41271,0,UNSW_NB15_testing-set.csv
749,29663,UNSW_NB15_testing-set.csv#id=029713,29713,0,UNSW_NB15_testing-set.csv
750,24597,UNSW_NB15_testing-set.csv#id=024647,24647,0,UNSW_NB15_testing-set.csv
751,73668,UNSW_NB15_testing-set.csv#id=074252,74252,0,UNSW_NB15_testing-set.csv
752,38350,UNSW_NB15_testing-set.csv#id=038400,38400,0,UNSW_NB15_testing-set.csv
753,72589,UNSW_NB15_testing-set.csv#id=073173,73173,0,UNSW_NB15_testing-set.csv
754,26171,UNSW_NB15_testing-set.csv#id=026221,26221,0,UNSW_NB15_testing-set.csv
755,67859,UNSW_NB15_testing-set.csv#id=068443,68443,0,UNSW_NB15_testing-set.csv
756,68635,UNSW_NB15_testing-set.csv#id=069219,69219,0,UNSW_NB15_testing-set.csv
757,26548,UNSW_NB15_testing-set.csv#id=026598,26598,0,UNSW_NB15_testing-set.csv
758,66219,UNSW_NB15_testing-set.csv#id=066803,66803,0,UNSW_NB15_testing-set.csv
759,28222,UNSW_NB15_testing-set.csv#id=028272,28272,0,UNSW_NB15_testing-set.csv
760,67809,UNSW_NB15_testing-set.csv#id=068393,68393,0,UNSW_NB15_testing-set.csv
761,34415,UNSW_NB15_testing-set.csv#id=034465,34465,0,UNSW_NB15_testing-set.csv
762,38953,UNSW_NB15_testing-set.csv#id=039003,39003,0,UNSW_NB15_testing-set.csv
763,69134,UNSW_NB15_testing-set.csv#id=069718,69718,0,UNSW_NB15_testing-set.csv
764,71200,UNSW_NB15_testing-set.csv#id=071784,71784,0,UNSW_NB15_testing-set.csv
765,41184,UNSW_NB15_testing-set.csv#id=041234,41234,0,UNSW_NB15_testing-set.csv
766,72637,UNSW_NB15_testing-set.csv#id=073221,73221,0,UNSW_NB15_testing-set.csv
767,23785,UNSW_NB15_testing-set.csv#id=023835,23835,0,UNSW_NB15_testing-set.csv
768,76245,UNSW_NB15_testing-set.csv#id=076829,76829,0,UNSW_NB15_testing-set.csv
769,40100,UNSW_NB15_testing-set.csv#id=040150,40150,0,UNSW_NB15_testing-set.csv
770,29568,UNSW_NB15_testing-set.csv#id=029618,29618,0,UNSW_NB15_testing-set.csv
771,43178,UNSW_NB15_testing-set.csv#id=043228,43228,0,UNSW_NB15_testing-set.csv
772,66048,UNSW_NB15_testing-set.csv#id=066632,66632,0,UNSW_NB15_testing-set.csv
773,74486,UNSW_NB15_testing-set.csv#id=075070,75070,0,UNSW_NB15_testing-set.csv
774,34319,UNSW_NB15_testing-set.csv#id=034369,34369,0,UNSW_NB15_testing-set.csv
775,71287,UNSW_NB15_testing-set.csv#id=071871,71871,0,UNSW_NB15_testing-set.csv
776,30510,UNSW_NB15_testing-set.csv#id=030560,30560,0,UNSW_NB15_testing-set.csv
777,70641,UNSW_NB15_testing-set.csv#id=071225,71225,0,UNSW_NB15_testing-set.csv
778,39830,UNSW_NB15_testing-set.csv#id=039880,39880,0,UNSW_NB15_testing-set.csv
779,27760,UNSW_NB15_testing-set.csv#id=027810,27810,0,UNSW_NB15_testing-set.csv
780,77947,UNSW_NB15_testing-set.csv#id=078531,78531,0,UNSW_NB15_testing-set.csv
781,39510,UNSW_NB15_testing-set.csv#id=039560,39560,0,UNSW_NB15_testing-set.csv
782,26613,UNSW_NB15_testing-set.csv#id=026663,26663,0,UNSW_NB15_testing-set.csv
783,25983,UNSW_NB15_testing-set.csv#id=026033,26033,0,UNSW_NB15_testing-set.csv
784,33082,UNSW_NB15_testing-set.csv#id=033132,33132,0,UNSW_NB15_testing-set.csv
785,71857,UNSW_NB15_testing-set.csv#id=072441,72441,0,UNSW_NB15_testing-set.csv
786,39598,UNSW_NB15_testing-set.csv#id=039648,39648,0,UNSW_NB15_testing-set.csv
787,73774,UNSW_NB15_testing-set.csv#id=074358,74358,0,UNSW_NB15_testing-set.csv
788,71122,UNSW_NB15_testing-set.csv#id=071706,71706,0,UNSW_NB15_testing-set.csv
789,32675,UNSW_NB15_testing-set.csv#id=032725,32725,0,UNSW_NB15_testing-set.csv
790,73400,UNSW_NB15_testing-set.csv#id=073984,73984,0,UNSW_NB15_testing-set.csv
791,32763,UNSW_NB15_testing-set.csv#id=032813,32813,0,UNSW_NB15_testing-set.csv
792,80407,UNSW_NB15_testing-set.csv#id=080991,80991,0,UNSW_NB15_testing-set.csv
793,72868,UNSW_NB15_testing-set.csv#id=073452,73452,0,UNSW_NB15_testing-set.csv
794,32850,UNSW_NB15_testing-set.csv#id=032900,32900,0,UNSW_NB15_testing-set.csv
795,39899,UNSW_NB15_testing-set.csv#id=039949,39949,0,UNSW_NB15_testing-set.csv
796,70496,UNSW_NB15_testing-set.csv#id=071080,71080,0,UNSW_NB15_testing-set.csv
797,41285,UNSW_NB15_testing-set.csv#id=041335,41335,0,UNSW_NB15_testing-set.csv
798,78183,UNSW_NB15_testing-set.csv#id=078767,78767,0,UNSW_NB15_testing-set.csv
799,36546,UNSW_NB15_testing-set.csv#id=036596,36596,0,UNSW_NB15_testing-set.csv
800,80147,UNSW_NB15_testing-set.csv#id=080731,80731,0,UNSW_NB15_testing-set.csv
801,35541,UNSW_NB15_testing-set.csv#id=035591,35591,0,UNSW_NB15_testing-set.csv
802,27410,UNSW_NB15_testing-set.csv#id=027460,27460,0,UNSW_NB15_testing-set.csv
803,35676,UNSW_NB15_testing-set.csv#id=035726,35726,0,UNSW_NB15_testing-set.csv
804,26293,UNSW_NB15_testing-set.csv#id=026343,26343,0,UNSW_NB15_testing-set.csv
805,80071,UNSW_NB15_testing-set.csv#id=080655,80655,0,UNSW_NB15_testing-set.csv
806,36385,UNSW_NB15_testing-set.csv#id=036435,36435,0,UNSW_NB15_testing-set.csv
807,67098,UNSW_NB15_testing-set.csv#id=067682,67682,0,UNSW_NB15_testing-set.csv
808,67949,UNSW_NB15_testing-set.csv#id=068533,68533,0,UNSW_NB15_testing-set.csv
809,69916,UNSW_NB15_testing-set.csv#id=070500,70500,0,UNSW_NB15_testing-set.csv
810,34166,UNSW_NB15_testing-set.csv#id=034216,34216,0,UNSW_NB15_testing-set.csv
811,31857,UNSW_NB15_testing-set.csv#id=031907,31907,0,UNSW_NB15_testing-set.csv
812,37094,UNSW_NB15_testing-set.csv#id=037144,37144,0,UNSW_NB15_testing-set.csv
813,29187,UNSW_NB15_testing-set.csv#id=029237,29237,0,UNSW_NB15_testing-set.csv
814,39493,UNSW_NB15_testing-set.csv#id=039543,39543,0,UNSW_NB15_testing-set.csv
815,41314,UNSW_NB15_testing-set.csv#id=041364,41364,0,UNSW_NB15_testing-set.csv
816,70385,UNSW_NB15_testing-set.csv#id=070969,70969,0,UNSW_NB15_testing-set.csv
817,41378,UNSW_NB15_testing-set.csv#id=041428,41428,0,UNSW_NB15_testing-set.csv
818,28675,UNSW_NB15_testing-set.csv#id=028725,28725,0,UNSW_NB15_testing-set.csv
819,79288,UNSW_NB15_testing-set.csv#id=079872,79872,0,UNSW_NB15_testing-set.csv
820,41516,UNSW_NB15_testing-set.csv#id=041566,41566,0,UNSW_NB15_testing-set.csv
821,77911,UNSW_NB15_testing-set.csv#id=078495,78495,0,UNSW_NB15_testing-set.csv
822,29006,UNSW_NB15_testing-set.csv#id=029056,29056,0,UNSW_NB15_testing-set.csv
823,71153,UNSW_NB15_testing-set.csv#id=071737,71737,0,UNSW_NB15_testing-set.csv
824,40076,UNSW_NB15_testing-set.csv#id=040126,40126,0,UNSW_NB15_testing-set.csv
825,70408,UNSW_NB15_testing-set.csv#id=070992,70992,0,UNSW_NB15_testing-set.csv
826,71351,UNSW_NB15_testing-set.csv#id=071935,71935,0,UNSW_NB15_testing-set.csv
827,73163,UNSW_NB15_testing-set.csv#id=073747,73747,0,UNSW_NB15_testing-set.csv
828,26384,UNSW_NB15_testing-set.csv#id=026434,26434,0,UNSW_NB15_testing-set.csv
829,26977,UNSW_NB15_testing-set.csv#id=027027,27027,0,UNSW_NB15_testing-set.csv
830,23904,UNSW_NB15_testing-set.csv#id=023954,23954,0,UNSW_NB15_testing-set.csv
831,35380,UNSW_NB15_testing-set.csv#id=035430,35430,0,UNSW_NB15_testing-set.csv
832,29218,UNSW_NB15_testing-set.csv#id=029268,29268,0,UNSW_NB15_testing-set.csv
833,34899,UNSW_NB15_testing-set.csv#id=034949,34949,0,UNSW_NB15_testing-set.csv
834,74733,UNSW_NB15_testing-set.csv#id=075317,75317,0,UNSW_NB15_testing-set.csv
835,38463,UNSW_NB15_testing-set.csv#id=038513,38513,0,UNSW_NB15_testing-set.csv
836,38038,UNSW_NB15_testing-set.csv#id=038088,38088,0,UNSW_NB15_testing-set.csv
837,38141,UNSW_NB15_testing-set.csv#id=038191,38191,0,UNSW_NB15_testing-set.csv
838,69221,UNSW_NB15_testing-set.csv#id=069805,69805,0,UNSW_NB15_testing-set.csv
839,81445,UNSW_NB15_testing-set.csv#id=082029,82029,0,UNSW_NB15_testing-set.csv
840,73628,UNSW_NB15_testing-set.csv#id=074212,74212,0,UNSW_NB15_testing-set.csv
841,41673,UNSW_NB15_testing-set.csv#id=041723,41723,0,UNSW_NB15_testing-set.csv
842,65271,UNSW_NB15_testing-set.csv#id=065855,65855,0,UNSW_NB15_testing-set.csv
843,27720,UNSW_NB15_testing-set.csv#id=027770,27770,0,UNSW_NB15_testing-set.csv
844,69137,UNSW_NB15_testing-set.csv#id=069721,69721,0,UNSW_NB15_testing-set.csv
845,39070,UNSW_NB15_testing-set.csv#id=039120,39120,0,UNSW_NB15_testing-set.csv
846,33886,UNSW_NB15_testing-set.csv#id=033936,33936,0,UNSW_NB15_testing-set.csv
847,78562,UNSW_NB15_testing-set.csv#id=079146,79146,0,UNSW_NB15_testing-set.csv
848,33436,UNSW_NB15_testing-set.csv#id=033486,33486,0,UNSW_NB15_testing-set.csv
849,81624,UNSW_NB15_testing-set.csv#id=082208,82208,0,UNSW_NB15_testing-set.csv
850,25216,UNSW_NB15_testing-set.csv#id=025266,25266,0,UNSW_NB15_testing-set.csv
851,75029,UNSW_NB15_testing-set.csv#id=075613,75613,0,UNSW_NB15_testing-set.csv
852,31689,UNSW_NB15_testing-set.csv#id=031739,31739,0,UNSW_NB15_testing-set.csv
853,24346,UNSW_NB15_testing-set.csv#id=024396,24396,0,UNSW_NB15_testing-set.csv
854,76201,UNSW_NB15_testing-set.csv#id=076785,76785,0,UNSW_NB15_testing-set.csv
855,81334,UNSW_NB15_testing-set.csv#id=081918,81918,0,UNSW_NB15_testing-set.csv
856,38125,UNSW_NB15_testing-set.csv#id=038175,38175,0,UNSW_NB15_testing-set.csv
857,33261,UNSW_NB15_testing-set.csv#id=033311,33311,0,UNSW_NB15_testing-set.csv
858,30977,UNSW_NB15_testing-set.csv#id=031027,31027,0,UNSW_NB15_testing-set.csv
859,80972,UNSW_NB15_testing-set.csv#id=081556,81556,0,UNSW_NB15_testing-set.csv
860,39165,UNSW_NB15_testing-set.csv#id=039215,39215,0,UNSW_NB15_testing-set.csv
861,35877,UNSW_NB15_testing-set.csv#id=035927,35927,0,UNSW_NB15_testing-set.csv
862,24204,UNSW_NB15_testing-set.csv#id=024254,24254,0,UNSW_NB15_testing-set.csv
863,66972,UNSW_NB15_testing-set.csv#id=067556,67556,0,UNSW_NB15_testing-set.csv
864,34273,UNSW_NB15_testing-set.csv#id=034323,34323,0,UNSW_NB15_testing-set.csv
865,74054,UNSW_NB15_testing-set.csv#id=074638,74638,0,UNSW_NB15_testing-set.csv
866,65365,UNSW_NB15_testing-set.csv#id=065949,65949,0,UNSW_NB15_testing-set.csv
867,26407,UNSW_NB15_testing-set.csv#id=026457,26457,0,UNSW_NB15_testing-set.csv
868,43477,UNSW_NB15_testing-set.csv#id=043527,43527,0,UNSW_NB15_testing-set.csv
869,65594,UNSW_NB15_testing-set.csv#id=066178,66178,0,UNSW_NB15_testing-set.csv
870,68151,UNSW_NB15_testing-set.csv#id=068735,68735,0,UNSW_NB15_testing-set.csv
871,65935,UNSW_NB15_testing-set.csv#id=066519,66519,0,UNSW_NB15_testing-set.csv
872,72956,UNSW_NB15_testing-set.csv#id=073540,73540,0,UNSW_NB15_testing-set.csv
873,25988,UNSW_NB15_testing-set.csv#id=026038,26038,0,UNSW_NB15_testing-set.csv
874,65592,UNSW_NB15_testing-set.csv#id=066176,66176,0,UNSW_NB15_testing-set.csv
875,76280,UNSW_NB15_testing-set.csv#id=076864,76864,0,UNSW_NB15_testing-set.csv
876,40440,UNSW_NB15_testing-set.csv#id=040490,40490,0,UNSW_NB15_testing-set.csv
877,68883,UNSW_NB15_testing-set.csv#id=069467,69467,0,UNSW_NB15_testing-set.csv
878,69399,UNSW_NB15_testing-set.csv#id=069983,69983,0,UNSW_NB15_testing-set.csv
879,39280,UNSW_NB15_testing-set.csv#id=039330,39330,0,UNSW_NB15_testing-set.csv
880,27291,UNSW_NB15_testing-set.csv#id=027341,27341,0,UNSW_NB15_testing-set.csv
881,32121,UNSW_NB15_testing-set.csv#id=032171,32171,0,UNSW_NB15_testing-set.csv
882,28224,UNSW_NB15_testing-set.csv#id=028274,28274,0,UNSW_NB15_testing-set.csv
883,24442,UNSW_NB15_testing-set.csv#id=024492,24492,0,UNSW_NB15_testing-set.csv
884,65727,UNSW_NB15_testing-set.csv#id=066311,66311,0,UNSW_NB15_testing-set.csv
885,41717,UNSW_NB15_testing-set.csv#id=041767,41767,0,UNSW_NB15_testing-set.csv
886,39996,UNSW_NB15_testing-set.csv#id=040046,40046,0,UNSW_NB15_testing-set.csv
887,43564,UNSW_NB15_testing-set.csv#id=043614,43614,0,UNSW_NB15_testing-set.csv
888,73549,UNSW_NB15_testing-set.csv#id=074133,74133,0,UNSW_NB15_testing-set.csv
889,33291,UNSW_NB15_testing-set.csv#id=033341,33341,0,UNSW_NB15_testing-set.csv
890,70763,UNSW_NB15_testing-set.csv#id=071347,71347,0,UNSW_NB15_testing-set.csv
891,40465,UNSW_NB15_testing-set.csv#id=040515,40515,0,UNSW_NB15_testing-set.csv
892,69277,UNSW_NB15_testing-set.csv#id=069861,69861,0,UNSW_NB15_testing-set.csv
893,73539,UNSW_NB15_testing-set.csv#id=074123,74123,0,UNSW_NB15_testing-set.csv
894,73782,UNSW_NB15_testing-set.csv#id=074366,74366,0,UNSW_NB15_testing-set.csv
895,74149,UNSW_NB15_testing-set.csv#id=074733,74733,0,UNSW_NB15_testing-set.csv
896,23339,UNSW_NB15_testing-set.csv#id=023389,23389,0,UNSW_NB15_testing-set.csv
897,74448,UNSW_NB15_testing-set.csv#id=075032,75032,0,UNSW_NB15_testing-set.csv
898,30444,UNSW_NB15_testing-set.csv#id=030494,30494,0,UNSW_NB15_testing-set.csv
899,75476,UNSW_NB15_testing-set.csv#id=076060,76060,0,UNSW_NB15_testing-set.csv
900,28225,UNSW_NB15_testing-set.csv#id=028275,28275,0,UNSW_NB15_testing-set.csv
901,68246,UNSW_NB15_testing-set.csv#id=068830,68830,0,UNSW_NB15_testing-set.csv
902,69935,UNSW_NB15_testing-set.csv#id=070519,70519,0,UNSW_NB15_testing-set.csv
903,31908,UNSW_NB15_testing-set.csv#id=031958,31958,0,UNSW_NB15_testing-set.csv
904,33708,UNSW_NB15_testing-set.csv#id=033758,33758,0,UNSW_NB15_testing-set.csv
905,77893,UNSW_NB15_testing-set.csv#id=078477,78477,0,UNSW_NB15_testing-set.csv
906,37368,UNSW_NB15_testing-set.csv#id=037418,37418,0,UNSW_NB15_testing-set.csv
907,75814,UNSW_NB15_testing-set.csv#id=076398,76398,0,UNSW_NB15_testing-set.csv
908,74452,UNSW_NB15_testing-set.csv#id=075036,75036,0,UNSW_NB15_testing-set.csv
909,39131,UNSW_NB15_testing-set.csv#id=039181,39181,0,UNSW_NB15_testing-set.csv
910,75468,UNSW_NB15_testing-set.csv#id=076052,76052,0,UNSW_NB15_testing-set.csv
911,73091,UNSW_NB15_testing-set.csv#id=073675,73675,0,UNSW_NB15_testing-set.csv
912,34598,UNSW_NB15_testing-set.csv#id=034648,34648,0,UNSW_NB15_testing-set.csv
913,26657,UNSW_NB15_testing-set.csv#id=026707,26707,0,UNSW_NB15_testing-set.csv
914,70599,UNSW_NB15_testing-set.csv#id=071183,71183,0,UNSW_NB15_testing-set.csv
915,67997,UNSW_NB15_testing-set.csv#id=068581,68581,0,UNSW_NB15_testing-set.csv
916,75488,UNSW_NB15_testing-set.csv#id=076072,76072,0,UNSW_NB15_testing-set.csv
917,29000,UNSW_NB15_testing-set.csv#id=029050,29050,0,UNSW_NB15_testing-set.csv
918,39207,UNSW_NB15_testing-set.csv#id=039257,39257,0,UNSW_NB15_testing-set.csv
919,79465,UNSW_NB15_testing-set.csv#id=080049,80049,0,UNSW_NB15_testing-set.csv
920,69479,UNSW_NB15_testing-set.csv#id=070063,70063,0,UNSW_NB15_testing-set.csv
921,65591,UNSW_NB15_testing-set.csv#id=066175,66175,0,UNSW_NB15_testing-set.csv
922,31446,UNSW_NB15_testing-set.csv#id=031496,31496,0,UNSW_NB15_testing-set.csv
923,35260,UNSW_NB15_testing-set.csv#id=035310,35310,0,UNSW_NB15_testing-set.csv
924,40633,UNSW_NB15_testing-set.csv#id=040683,40683,0,UNSW_NB15_testing-set.csv
925,70097,UNSW_NB15_testing-set.csv#id=070681,70681,0,UNSW_NB15_testing-set.csv
926,27865,UNSW_NB15_testing-set.csv#id=027915,27915,0,UNSW_NB15_testing-set.csv
927,40163,UNSW_NB15_testing-set.csv#id=040213,40213,0,UNSW_NB15_testing-set.csv
928,30064,UNSW_NB15_testing-set.csv#id=030114,30114,0,UNSW_NB15_testing-set.csv
929,74133,UNSW_NB15_testing-set.csv#id=074717,74717,0,UNSW_NB15_testing-set.csv
930,40409,UNSW_NB15_testing-set.csv#id=040459,40459,0,UNSW_NB15_testing-set.csv
931,25887,UNSW_NB15_testing-set.csv#id=025937,25937,0,UNSW_NB15_testing-set.csv
932,36750,UNSW_NB15_testing-set.csv#id=036800,36800,0,UNSW_NB15_testing-set.csv
933,78194,UNSW_NB15_testing-set.csv#id=078778,78778,0,UNSW_NB15_testing-set.csv
934,35102,UNSW_NB15_testing-set.csv#id=035152,35152,0,UNSW_NB15_testing-set.csv
935,38243,UNSW_NB15_testing-set.csv#id=038293,38293,0,UNSW_NB15_testing-set.csv
936,80485,UNSW_NB15_testing-set.csv#id=081069,81069,0,UNSW_NB15_testing-set.csv
937,36611,UNSW_NB15_testing-set.csv#id=036661,36661,0,UNSW_NB15_testing-set.csv
938,72259,UNSW_NB15_testing-set.csv#id=072843,72843,0,UNSW_NB15_testing-set.csv
939,78827,UNSW_NB15_testing-set.csv#id=079411,79411,0,UNSW_NB15_testing-set.csv
940,69981,UNSW_NB15_testing-set.csv#id=070565,70565,0,UNSW_NB15_testing-set.csv
941,72210,UNSW_NB15_testing-set.csv#id=072794,72794,0,UNSW_NB15_testing-set.csv
942,28767,UNSW_NB15_testing-set.csv#id=028817,28817,0,UNSW_NB15_testing-set.csv
943,43260,UNSW_NB15_testing-set.csv#id=043310,43310,0,UNSW_NB15_testing-set.csv
944,24686,UNSW_NB15_testing-set.csv#id=024736,24736,0,UNSW_NB15_testing-set.csv
945,41459,UNSW_NB15_testing-set.csv#id=041509,41509,0,UNSW_NB15_testing-set.csv
946,40311,UNSW_NB15_testing-set.csv#id=040361,40361,0,UNSW_NB15_testing-set.csv
947,36513,UNSW_NB15_testing-set.csv#id=036563,36563,0,UNSW_NB15_testing-set.csv
948,30259,UNSW_NB15_testing-set.csv#id=030309,30309,0,UNSW_NB15_testing-set.csv
949,72827,UNSW_NB15_testing-set.csv#id=073411,73411,0,UNSW_NB15_testing-set.csv
950,73511,UNSW_NB15_testing-set.csv#id=074095,74095,0,UNSW_NB15_testing-set.csv
951,69799,UNSW_NB15_testing-set.csv#id=070383,70383,0,UNSW_NB15_testing-set.csv
952,77752,UNSW_NB15_testing-set.csv#id=078336,78336,0,UNSW_NB15_testing-set.csv
953,39537,UNSW_NB15_testing-set.csv#id=039587,39587,0,UNSW_NB15_testing-set.csv
954,80621,UNSW_NB15_testing-set.csv#id=081205,81205,0,UNSW_NB15_testing-set.csv
955,25578,UNSW_NB15_testing-set.csv#id=025628,25628,0,UNSW_NB15_testing-set.csv
956,36170,UNSW_NB15_testing-set.csv#id=036220,36220,0,UNSW_NB15_testing-set.csv
957,70638,UNSW_NB15_testing-set.csv#id=071222,71222,0,UNSW_NB15_testing-set.csv
958,72767,UNSW_NB15_testing-set.csv#id=073351,73351,0,UNSW_NB15_testing-set.csv
959,29174,UNSW_NB15_testing-set.csv#id=029224,29224,0,UNSW_NB15_testing-set.csv
960,68095,UNSW_NB15_testing-set.csv#id=068679,68679,0,UNSW_NB15_testing-set.csv
961,33297,UNSW_NB15_testing-set.csv#id=033347,33347,0,UNSW_NB15_testing-set.csv
962,75340,UNSW_NB15_testing-set.csv#id=075924,75924,0,UNSW_NB15_testing-set.csv
963,76474,UNSW_NB15_testing-set.csv#id=077058,77058,0,UNSW_NB15_testing-set.csv
964,25427,UNSW_NB15_testing-set.csv#id=025477,25477,0,UNSW_NB15_testing-set.csv
965,77570,UNSW_NB15_testing-set.csv#id=078154,78154,0,UNSW_NB15_testing-set.csv
966,43569,UNSW_NB15_testing-set.csv#id=043619,43619,0,UNSW_NB15_testing-set.csv
967,26474,UNSW_NB15_testing-set.csv#id=026524,26524,0,UNSW_NB15_testing-set.csv
968,31468,UNSW_NB15_testing-set.csv#id=031518,31518,0,UNSW_NB15_testing-set.csv
969,39721,UNSW_NB15_testing-set.csv#id=039771,39771,0,UNSW_NB15_testing-set.csv
970,39461,UNSW_NB15_testing-set.csv#id=039511,39511,0,UNSW_NB15_testing-set.csv
971,43233,UNSW_NB15_testing-set.csv#id=043283,43283,0,UNSW_NB15_testing-set.csv
972,75168,UNSW_NB15_testing-set.csv#id=075752,75752,0,UNSW_NB15_testing-set.csv
973,37946,UNSW_NB15_testing-set.csv#id=037996,37996,0,UNSW_NB15_testing-set.csv
974,68555,UNSW_NB15_testing-set.csv#id=069139,69139,0,UNSW_NB15_testing-set.csv
975,73648,UNSW_NB15_testing-set.csv#id=074232,74232,0,UNSW_NB15_testing-set.csv
976,79017,UNSW_NB15_testing-set.csv#id=079601,79601,0,UNSW_NB15_testing-set.csv
977,29818,UNSW_NB15_testing-set.csv#id=029868,29868,0,UNSW_NB15_testing-set.csv
978,36779,UNSW_NB15_testing-set.csv#id=036829,36829,0,UNSW_NB15_testing-set.csv
979,41571,UNSW_NB15_testing-set.csv#id=041621,41621,0,UNSW_NB15_testing-set.csv
980,39723,UNSW_NB15_testing-set.csv#id=039773,39773,0,UNSW_NB15_testing-set.csv
981,75804,UNSW_NB15_testing-set.csv#id=076388,76388,0,UNSW_NB15_testing-set.csv
982,27806,UNSW_NB15_testing-set.csv#id=027856,27856,0,UNSW_NB15_testing-set.csv
983,42049,UNSW_NB15_testing-set.csv#id=042099,42099,0,UNSW_NB15_testing-set.csv
984,73821,UNSW_NB15_testing-set.csv#id=074405,74405,0,UNSW_NB15_testing-set.csv
985,71285,UNSW_NB15_testing-set.csv#id=071869,71869,0,UNSW_NB15_testing-set.csv
986,72901,UNSW_NB15_testing-set.csv#id=073485,73485,0,UNSW_NB15_testing-set.csv
987,71963,UNSW_NB15_testing-set.csv#id=072547,72547,0,UNSW_NB15_testing-set.csv
988,80836,UNSW_NB15_testing-set.csv#id=081420,81420,0,UNSW_NB15_testing-set.csv
989,42542,UNSW_NB15_testing-set.csv#id=042592,42592,0,UNSW_NB15_testing-set.csv
990,26551,UNSW_NB15_testing-set.csv#id=026601,26601,0,UNSW_NB15_testing-set.csv
991,30520,UNSW_NB15_testing-set.csv#id=030570,30570,0,UNSW_NB15_testing-set.csv
992,70546,UNSW_NB15_testing-set.csv#id=071130,71130,0,UNSW_NB15_testing-set.csv
993,26247,UNSW_NB15_testing-set.csv#id=026297,26297,0,UNSW_NB15_testing-set.csv
994,76512,UNSW_NB15_testing-set.csv#id=077096,77096,0,UNSW_NB15_testing-set.csv
995,39087,UNSW_NB15_testing-set.csv#id=039137,39137,0,UNSW_NB15_testing-set.csv
996,39305,UNSW_NB15_testing-set.csv#id=039355,39355,0,UNSW_NB15_testing-set.csv
997,68966,UNSW_NB15_testing-set.csv#id=069550,69550,0,UNSW_NB15_testing-set.csv
998,73384,UNSW_NB15_testing-set.csv#id=073968,73968,0,UNSW_NB15_testing-set.csv
999,26370,UNSW_NB15_testing-set.csv#id=026420,26420,0,UNSW_NB15_testing-set.csv
1000,12532,UNSW_NB15_testing-set.csv#id=012582,12582,1,UNSW_NB15_testing-set.csv
1001,12521,UNSW_NB15_testing-set.csv#id=012571,12571,1,UNSW_NB15_testing-set.csv
1002,63981,UNSW_NB15_testing-set.csv#id=064560,64560,1,UNSW_NB15_testing-set.csv
1003,44699,UNSW_NB15_testing-set.csv#id=044749,44749,1,UNSW_NB15_testing-set.csv
1004,344,UNSW_NB15_testing-set.csv#id=000346,346,1,UNSW_NB15_testing-set.csv
1005,53509,UNSW_NB15_testing-set.csv#id=053826,53826,1,UNSW_NB15_testing-set.csv
1006,48480,UNSW_NB15_testing-set.csv#id=048587,48587,1,UNSW_NB15_testing-set.csv
1007,12810,UNSW_NB15_testing-set.csv#id=012860,12860,1,UNSW_NB15_testing-set.csv
1008,19408,UNSW_NB15_testing-set.csv#id=019458,19458,1,UNSW_NB15_testing-set.csv
1009,43757,UNSW_NB15_testing-set.csv#id=043807,43807,1,UNSW_NB15_testing-set.csv
1010,60944,UNSW_NB15_testing-set.csv#id=061493,61493,1,UNSW_NB15_testing-set.csv
1011,9460,UNSW_NB15_testing-set.csv#id=009510,9510,1,UNSW_NB15_testing-set.csv
1012,9518,UNSW_NB15_testing-set.csv#id=009568,9568,1,UNSW_NB15_testing-set.csv
1013,56726,UNSW_NB15_testing-set.csv#id=057176,57176,1,UNSW_NB15_testing-set.csv
1014,55252,UNSW_NB15_testing-set.csv#id=055640,55640,1,UNSW_NB15_testing-set.csv
1015,48412,UNSW_NB15_testing-set.csv#id=048517,48517,1,UNSW_NB15_testing-set.csv
1016,53381,UNSW_NB15_testing-set.csv#id=053693,53693,1,UNSW_NB15_testing-set.csv
1017,2610,UNSW_NB15_testing-set.csv#id=002631,2631,1,UNSW_NB15_testing-set.csv
1018,47774,UNSW_NB15_testing-set.csv#id=047857,47857,1,UNSW_NB15_testing-set.csv
1019,49300,UNSW_NB15_testing-set.csv#id=049444,49444,1,UNSW_NB15_testing-set.csv
1020,55293,UNSW_NB15_testing-set.csv#id=055684,55684,1,UNSW_NB15_testing-set.csv
1021,2742,UNSW_NB15_testing-set.csv#id=002764,2764,1,UNSW_NB15_testing-set.csv
1022,15230,UNSW_NB15_testing-set.csv#id=015280,15280,1,UNSW_NB15_testing-set.csv
1023,61307,UNSW_NB15_testing-set.csv#id=061856,61856,1,UNSW_NB15_testing-set.csv
1024,2436,UNSW_NB15_testing-set.csv#id=002457,2457,1,UNSW_NB15_testing-set.csv
1025,44996,UNSW_NB15_testing-set.csv#id=045046,45046,1,UNSW_NB15_testing-set.csv
1026,15187,UNSW_NB15_testing-set.csv#id=015237,15237,1,UNSW_NB15_testing-set.csv
1027,50370,UNSW_NB15_testing-set.csv#id=050567,50567,1,UNSW_NB15_testing-set.csv
1028,60824,UNSW_NB15_testing-set.csv#id=061370,61370,1,UNSW_NB15_testing-set.csv
1029,56801,UNSW_NB15_testing-set.csv#id=057253,57253,1,UNSW_NB15_testing-set.csv
1030,6935,UNSW_NB15_testing-set.csv#id=006985,6985,1,UNSW_NB15_testing-set.csv
1031,57261,UNSW_NB15_testing-set.csv#id=057728,57728,1,UNSW_NB15_testing-set.csv
1032,20766,UNSW_NB15_testing-set.csv#id=020816,20816,1,UNSW_NB15_testing-set.csv
1033,16481,UNSW_NB15_testing-set.csv#id=016531,16531,1,UNSW_NB15_testing-set.csv
1034,52990,UNSW_NB15_testing-set.csv#id=053287,53287,1,UNSW_NB15_testing-set.csv
1035,56288,UNSW_NB15_testing-set.csv#id=056718,56718,1,UNSW_NB15_testing-set.csv
1036,56350,UNSW_NB15_testing-set.csv#id=056783,56783,1,UNSW_NB15_testing-set.csv
1037,6484,UNSW_NB15_testing-set.csv#id=006521,6521,1,UNSW_NB15_testing-set.csv
1038,63808,UNSW_NB15_testing-set.csv#id=064387,64387,1,UNSW_NB15_testing-set.csv
1039,57288,UNSW_NB15_testing-set.csv#id=057755,57755,1,UNSW_NB15_testing-set.csv
1040,8442,UNSW_NB15_testing-set.csv#id=008492,8492,1,UNSW_NB15_testing-set.csv
1041,49441,UNSW_NB15_testing-set.csv#id=049590,49590,1,UNSW_NB15_testing-set.csv
1042,43812,UNSW_NB15_testing-set.csv#id=043862,43862,1,UNSW_NB15_testing-set.csv
1043,43670,UNSW_NB15_testing-set.csv#id=043720,43720,1,UNSW_NB15_testing-set.csv
1044,17780,UNSW_NB15_testing-set.csv#id=017830,17830,1,UNSW_NB15_testing-set.csv
1045,63042,UNSW_NB15_testing-set.csv#id=063610,63610,1,UNSW_NB15_testing-set.csv
1046,20608,UNSW_NB15_testing-set.csv#id=020658,20658,1,UNSW_NB15_testing-set.csv
1047,3385,UNSW_NB15_testing-set.csv#id=003411,3411,1,UNSW_NB15_testing-set.csv
1048,47154,UNSW_NB15_testing-set.csv#id=047221,47221,1,UNSW_NB15_testing-set.csv
1049,60614,UNSW_NB15_testing-set.csv#id=061152,61152,1,UNSW_NB15_testing-set.csv
1050,14326,UNSW_NB15_testing-set.csv#id=014376,14376,1,UNSW_NB15_testing-set.csv
1051,315,UNSW_NB15_testing-set.csv#id=000317,317,1,UNSW_NB15_testing-set.csv
1052,60679,UNSW_NB15_testing-set.csv#id=061218,61218,1,UNSW_NB15_testing-set.csv
1053,7123,UNSW_NB15_testing-set.csv#id=007173,7173,1,UNSW_NB15_testing-set.csv
1054,5453,UNSW_NB15_testing-set.csv#id=005486,5486,1,UNSW_NB15_testing-set.csv
1055,16894,UNSW_NB15_testing-set.csv#id=016944,16944,1,UNSW_NB15_testing-set.csv
1056,64969,UNSW_NB15_testing-set.csv#id=065550,65550,1,UNSW_NB15_testing-set.csv
1057,58821,UNSW_NB15_testing-set.csv#id=059332,59332,1,UNSW_NB15_testing-set.csv
1058,11334,UNSW_NB15_testing-set.csv#id=011384,11384,1,UNSW_NB15_testing-set.csv
1059,7444,UNSW_NB15_testing-set.csv#id=007494,7494,1,UNSW_NB15_testing-set.csv
1060,9343,UNSW_NB15_testing-set.csv#id=009393,9393,1,UNSW_NB15_testing-set.csv
1061,62570,UNSW_NB15_testing-set.csv#id=063137,63137,1,UNSW_NB15_testing-set.csv
1062,44810,UNSW_NB15_testing-set.csv#id=044860,44860,1,UNSW_NB15_testing-set.csv
1063,16567,UNSW_NB15_testing-set.csv#id=016617,16617,1,UNSW_NB15_testing-set.csv
1064,7409,UNSW_NB15_testing-set.csv#id=007459,7459,1,UNSW_NB15_testing-set.csv
1065,6671,UNSW_NB15_testing-set.csv#id=006715,6715,1,UNSW_NB15_testing-set.csv
1066,62285,UNSW_NB15_testing-set.csv#id=062851,62851,1,UNSW_NB15_testing-set.csv
1067,57076,UNSW_NB15_testing-set.csv#id=057539,57539,1,UNSW_NB15_testing-set.csv
1068,21364,UNSW_NB15_testing-set.csv#id=021414,21414,1,UNSW_NB15_testing-set.csv
1069,4161,UNSW_NB15_testing-set.csv#id=004189,4189,1,UNSW_NB15_testing-set.csv
1070,62247,UNSW_NB15_testing-set.csv#id=062813,62813,1,UNSW_NB15_testing-set.csv
1071,8240,UNSW_NB15_testing-set.csv#id=008290,8290,1,UNSW_NB15_testing-set.csv
1072,5749,UNSW_NB15_testing-set.csv#id=005783,5783,1,UNSW_NB15_testing-set.csv
1073,16006,UNSW_NB15_testing-set.csv#id=016056,16056,1,UNSW_NB15_testing-set.csv
1074,6017,UNSW_NB15_testing-set.csv#id=006051,6051,1,UNSW_NB15_testing-set.csv
1075,16080,UNSW_NB15_testing-set.csv#id=016130,16130,1,UNSW_NB15_testing-set.csv
1076,19288,UNSW_NB15_testing-set.csv#id=019338,19338,1,UNSW_NB15_testing-set.csv
1077,56697,UNSW_NB15_testing-set.csv#id=057146,57146,1,UNSW_NB15_testing-set.csv
1078,44036,UNSW_NB15_testing-set.csv#id=044086,44086,1,UNSW_NB15_testing-set.csv
1079,17480,UNSW_NB15_testing-set.csv#id=017530,17530,1,UNSW_NB15_testing-set.csv
1080,43738,UNSW_NB15_testing-set.csv#id=043788,43788,1,UNSW_NB15_testing-set.csv
1081,20035,UNSW_NB15_testing-set.csv#id=020085,20085,1,UNSW_NB15_testing-set.csv
1082,21747,UNSW_NB15_testing-set.csv#id=021797,21797,1,UNSW_NB15_testing-set.csv
1083,12613,UNSW_NB15_testing-set.csv#id=012663,12663,1,UNSW_NB15_testing-set.csv
1084,22934,UNSW_NB15_testing-set.csv#id=022984,22984,1,UNSW_NB15_testing-set.csv
1085,14638,UNSW_NB15_testing-set.csv#id=014688,14688,1,UNSW_NB15_testing-set.csv
1086,54596,UNSW_NB15_testing-set.csv#id=054954,54954,1,UNSW_NB15_testing-set.csv
1087,377,UNSW_NB15_testing-set.csv#id=000379,379,1,UNSW_NB15_testing-set.csv
1088,59447,UNSW_NB15_testing-set.csv#id=059970,59970,1,UNSW_NB15_testing-set.csv
1089,3500,UNSW_NB15_testing-set.csv#id=003526,3526,1,UNSW_NB15_testing-set.csv
1090,61730,UNSW_NB15_testing-set.csv#id=062287,62287,1,UNSW_NB15_testing-set.csv
1091,1845,UNSW_NB15_testing-set.csv#id=001864,1864,1,UNSW_NB15_testing-set.csv
1092,7312,UNSW_NB15_testing-set.csv#id=007362,7362,1,UNSW_NB15_testing-set.csv
1093,13226,UNSW_NB15_testing-set.csv#id=013276,13276,1,UNSW_NB15_testing-set.csv
1094,10975,UNSW_NB15_testing-set.csv#id=011025,11025,1,UNSW_NB15_testing-set.csv
1095,14847,UNSW_NB15_testing-set.csv#id=014897,14897,1,UNSW_NB15_testing-set.csv
1096,11134,UNSW_NB15_testing-set.csv#id=011184,11184,1,UNSW_NB15_testing-set.csv
1097,52087,UNSW_NB15_testing-set.csv#id=052344,52344,1,UNSW_NB15_testing-set.csv
1098,43796,UNSW_NB15_testing-set.csv#id=043846,43846,1,UNSW_NB15_testing-set.csv
1099,43973,UNSW_NB15_testing-set.csv#id=044023,44023,1,UNSW_NB15_testing-set.csv
1100,15122,UNSW_NB15_testing-set.csv#id=015172,15172,1,UNSW_NB15_testing-set.csv
1101,53280,UNSW_NB15_testing-set.csv#id=053588,53588,1,UNSW_NB15_testing-set.csv
1102,58871,UNSW_NB15_testing-set.csv#id=059384,59384,1,UNSW_NB15_testing-set.csv
1103,45705,UNSW_NB15_testing-set.csv#id=045757,45757,1,UNSW_NB15_testing-set.csv
1104,57854,UNSW_NB15_testing-set.csv#id=058333,58333,1,UNSW_NB15_testing-set.csv
1105,6123,UNSW_NB15_testing-set.csv#id=006157,6157,1,UNSW_NB15_testing-set.csv
1106,51668,UNSW_NB15_testing-set.csv#id=051909,51909,1,UNSW_NB15_testing-set.csv
1107,59070,UNSW_NB15_testing-set.csv#id=059586,59586,1,UNSW_NB15_testing-set.csv
1108,10999,UNSW_NB15_testing-set.csv#id=011049,11049,1,UNSW_NB15_testing-set.csv
1109,8367,UNSW_NB15_testing-set.csv#id=008417,8417,1,UNSW_NB15_testing-set.csv
1110,19973,UNSW_NB15_testing-set.csv#id=020023,20023,1,UNSW_NB15_testing-set.csv
1111,2939,UNSW_NB15_testing-set.csv#id=002963,2963,1,UNSW_NB15_testing-set.csv
1112,18382,UNSW_NB15_testing-set.csv#id=018432,18432,1,UNSW_NB15_testing-set.csv
1113,49061,UNSW_NB15_testing-set.csv#id=049198,49198,1,UNSW_NB15_testing-set.csv
1114,8116,UNSW_NB15_testing-set.csv#id=008166,8166,1,UNSW_NB15_testing-set.csv
1115,47615,UNSW_NB15_testing-set.csv#id=047695,47695,1,UNSW_NB15_testing-set.csv
1116,57651,UNSW_NB15_testing-set.csv#id=058126,58126,1,UNSW_NB15_testing-set.csv
1117,8043,UNSW_NB15_testing-set.csv#id=008093,8093,1,UNSW_NB15_testing-set.csv
1118,11847,UNSW_NB15_testing-set.csv#id=011897,11897,1,UNSW_NB15_testing-set.csv
1119,17128,UNSW_NB15_testing-set.csv#id=017178,17178,1,UNSW_NB15_testing-set.csv
1120,4647,UNSW_NB15_testing-set.csv#id=004676,4676,1,UNSW_NB15_testing-set.csv
1121,52402,UNSW_NB15_testing-set.csv#id=052670,52670,1,UNSW_NB15_testing-set.csv
1122,59834,UNSW_NB15_testing-set.csv#id=060362,60362,1,UNSW_NB15_testing-set.csv
1123,10461,UNSW_NB15_testing-set.csv#id=010511,10511,1,UNSW_NB15_testing-set.csv
1124,5536,UNSW_NB15_testing-set.csv#id=005570,5570,1,UNSW_NB15_testing-set.csv
1125,18164,UNSW_NB15_testing-set.csv#id=018214,18214,1,UNSW_NB15_testing-set.csv
1126,61830,UNSW_NB15_testing-set.csv#id=062391,62391,1,UNSW_NB15_testing-set.csv
1127,46993,UNSW_NB15_testing-set.csv#id=047056,47056,1,UNSW_NB15_testing-set.csv
1128,9317,UNSW_NB15_testing-set.csv#id=009367,9367,1,UNSW_NB15_testing-set.csv
1129,2136,UNSW_NB15_testing-set.csv#id=002157,2157,1,UNSW_NB15_testing-set.csv
1130,54410,UNSW_NB15_testing-set.csv#id=054763,54763,1,UNSW_NB15_testing-set.csv
1131,1566,UNSW_NB15_testing-set.csv#id=001581,1581,1,UNSW_NB15_testing-set.csv
1132,53870,UNSW_NB15_testing-set.csv#id=054203,54203,1,UNSW_NB15_testing-set.csv
1133,5113,UNSW_NB15_testing-set.csv#id=005143,5143,1,UNSW_NB15_testing-set.csv
1134,18009,UNSW_NB15_testing-set.csv#id=018059,18059,1,UNSW_NB15_testing-set.csv
1135,57173,UNSW_NB15_testing-set.csv#id=057637,57637,1,UNSW_NB15_testing-set.csv
1136,16535,UNSW_NB15_testing-set.csv#id=016585,16585,1,UNSW_NB15_testing-set.csv
1137,57732,UNSW_NB15_testing-set.csv#id=058208,58208,1,UNSW_NB15_testing-set.csv
1138,13235,UNSW_NB15_testing-set.csv#id=013285,13285,1,UNSW_NB15_testing-set.csv
1139,52989,UNSW_NB15_testing-set.csv#id=053286,53286,1,UNSW_NB15_testing-set.csv
1140,52784,UNSW_NB15_testing-set.csv#id=053072,53072,1,UNSW_NB15_testing-set.csv
1141,23243,UNSW_NB15_testing-set.csv#id=023293,23293,1,UNSW_NB15_testing-set.csv
1142,46162,UNSW_NB15_testing-set.csv#id=046216,46216,1,UNSW_NB15_testing-set.csv
1143,16702,UNSW_NB15_testing-set.csv#id=016752,16752,1,UNSW_NB15_testing-set.csv
1144,57914,UNSW_NB15_testing-set.csv#id=058393,58393,1,UNSW_NB15_testing-set.csv
1145,4925,UNSW_NB15_testing-set.csv#id=004955,4955,1,UNSW_NB15_testing-set.csv
1146,7280,UNSW_NB15_testing-set.csv#id=007330,7330,1,UNSW_NB15_testing-set.csv
1147,20186,UNSW_NB15_testing-set.csv#id=020236,20236,1,UNSW_NB15_testing-set.csv
1148,11360,UNSW_NB15_testing-set.csv#id=011410,11410,1,UNSW_NB15_testing-set.csv
1149,3834,UNSW_NB15_testing-set.csv#id=003861,3861,1,UNSW_NB15_testing-set.csv
1150,7500,UNSW_NB15_testing-set.csv#id=007550,7550,1,UNSW_NB15_testing-set.csv
1151,23115,UNSW_NB15_testing-set.csv#id=023165,23165,1,UNSW_NB15_testing-set.csv
1152,44330,UNSW_NB15_testing-set.csv#id=044380,44380,1,UNSW_NB15_testing-set.csv
1153,17916,UNSW_NB15_testing-set.csv#id=017966,17966,1,UNSW_NB15_testing-set.csv
1154,47598,UNSW_NB15_testing-set.csv#id=047677,47677,1,UNSW_NB15_testing-set.csv
1155,53139,UNSW_NB15_testing-set.csv#id=053441,53441,1,UNSW_NB15_testing-set.csv
1156,57655,UNSW_NB15_testing-set.csv#id=058130,58130,1,UNSW_NB15_testing-set.csv
1157,56369,UNSW_NB15_testing-set.csv#id=056802,56802,1,UNSW_NB15_testing-set.csv
1158,4501,UNSW_NB15_testing-set.csv#id=004530,4530,1,UNSW_NB15_testing-set.csv
1159,18911,UNSW_NB15_testing-set.csv#id=018961,18961,1,UNSW_NB15_testing-set.csv
1160,44797,UNSW_NB15_testing-set.csv#id=044847,44847,1,UNSW_NB15_testing-set.csv
1161,10007,UNSW_NB15_testing-set.csv#id=010057,10057,1,UNSW_NB15_testing-set.csv
1162,13612,UNSW_NB15_testing-set.csv#id=013662,13662,1,UNSW_NB15_testing-set.csv
1163,61854,UNSW_NB15_testing-set.csv#id=062415,62415,1,UNSW_NB15_testing-set.csv
1164,6294,UNSW_NB15_testing-set.csv#id=006329,6329,1,UNSW_NB15_testing-set.csv
1165,18253,UNSW_NB15_testing-set.csv#id=018303,18303,1,UNSW_NB15_testing-set.csv
1166,3397,UNSW_NB15_testing-set.csv#id=003423,3423,1,UNSW_NB15_testing-set.csv
1167,46369,UNSW_NB15_testing-set.csv#id=046426,46426,1,UNSW_NB15_testing-set.csv
1168,62373,UNSW_NB15_testing-set.csv#id=062940,62940,1,UNSW_NB15_testing-set.csv
1169,15827,UNSW_NB15_testing-set.csv#id=015877,15877,1,UNSW_NB15_testing-set.csv
1170,63665,UNSW_NB15_testing-set.csv#id=064243,64243,1,UNSW_NB15_testing-set.csv
1171,47485,UNSW_NB15_testing-set.csv#id=047562,47562,1,UNSW_NB15_testing-set.csv
1172,63764,UNSW_NB15_testing-set.csv#id=064343,64343,1,UNSW_NB15_testing-set.csv
1173,4864,UNSW_NB15_testing-set.csv#id=004894,4894,1,UNSW_NB15_testing-set.csv
1174,60123,UNSW_NB15_testing-set.csv#id=060656,60656,1,UNSW_NB15_testing-set.csv
1175,54459,UNSW_NB15_testing-set.csv#id=054814,54814,1,UNSW_NB15_testing-set.csv
1176,59030,UNSW_NB15_testing-set.csv#id=059545,59545,1,UNSW_NB15_testing-set.csv
1177,13492,UNSW_NB15_testing-set.csv#id=013542,13542,1,UNSW_NB15_testing-set.csv
1178,54116,UNSW_NB15_testing-set.csv#id=054457,54457,1,UNSW_NB15_testing-set.csv
1179,13979,UNSW_NB15_testing-set.csv#id=014029,14029,1,UNSW_NB15_testing-set.csv
1180,13192,UNSW_NB15_testing-set.csv#id=013242,13242,1,UNSW_NB15_testing-set.csv
1181,6191,UNSW_NB15_testing-set.csv#id=006225,6225,1,UNSW_NB15_testing-set.csv
1182,11333,UNSW_NB15_testing-set.csv#id=011383,11383,1,UNSW_NB15_testing-set.csv
1183,10524,UNSW_NB15_testing-set.csv#id=010574,10574,1,UNSW_NB15_testing-set.csv
1184,5106,UNSW_NB15_testing-set.csv#id=005136,5136,1,UNSW_NB15_testing-set.csv
1185,59341,UNSW_NB15_testing-set.csv#id=059862,59862,1,UNSW_NB15_testing-set.csv
1186,22013,UNSW_NB15_testing-set.csv#id=022063,22063,1,UNSW_NB15_testing-set.csv
1187,50111,UNSW_NB15_testing-set.csv#id=050301,50301,1,UNSW_NB15_testing-set.csv
1188,49190,UNSW_NB15_testing-set.csv#id=049331,49331,1,UNSW_NB15_testing-set.csv
1189,10996,UNSW_NB15_testing-set.csv#id=011046,11046,1,UNSW_NB15_testing-set.csv
1190,62673,UNSW_NB15_testing-set.csv#id=063240,63240,1,UNSW_NB15_testing-set.csv
1191,4190,UNSW_NB15_testing-set.csv#id=004218,4218,1,UNSW_NB15_testing-set.csv
1192,21400,UNSW_NB15_testing-set.csv#id=021450,21450,1,UNSW_NB15_testing-set.csv
1193,620,UNSW_NB15_testing-set.csv#id=000625,625,1,UNSW_NB15_testing-set.csv
1194,2228,UNSW_NB15_testing-set.csv#id=002249,2249,1,UNSW_NB15_testing-set.csv
1195,5866,UNSW_NB15_testing-set.csv#id=005900,5900,1,UNSW_NB15_testing-set.csv
1196,11644,UNSW_NB15_testing-set.csv#id=011694,11694,1,UNSW_NB15_testing-set.csv
1197,20225,UNSW_NB15_testing-set.csv#id=020275,20275,1,UNSW_NB15_testing-set.csv
1198,20828,UNSW_NB15_testing-set.csv#id=020878,20878,1,UNSW_NB15_testing-set.csv
1199,2750,UNSW_NB15_testing-set.csv#id=002772,2772,1,UNSW_NB15_testing-set.csv
1200,23185,UNSW_NB15_testing-set.csv#id=023235,23235,1,UNSW_NB15_testing-set.csv
1201,21289,UNSW_NB15_testing-set.csv#id=021339,21339,1,UNSW_NB15_testing-set.csv
1202,8407,UNSW_NB15_testing-set.csv#id=008457,8457,1,UNSW_NB15_testing-set.csv
1203,63402,UNSW_NB15_testing-set.csv#id=063977,63977,1,UNSW_NB15_testing-set.csv
1204,9125,UNSW_NB15_testing-set.csv#id=009175,9175,1,UNSW_NB15_testing-set.csv
1205,21255,UNSW_NB15_testing-set.csv#id=021305,21305,1,UNSW_NB15_testing-set.csv
1206,12467,UNSW_NB15_testing-set.csv#id=012517,12517,1,UNSW_NB15_testing-set.csv
1207,15356,UNSW_NB15_testing-set.csv#id=015406,15406,1,UNSW_NB15_testing-set.csv
1208,59248,UNSW_NB15_testing-set.csv#id=059767,59767,1,UNSW_NB15_testing-set.csv
1209,46201,UNSW_NB15_testing-set.csv#id=046255,46255,1,UNSW_NB15_testing-set.csv
1210,53644,UNSW_NB15_testing-set.csv#id=053967,53967,1,UNSW_NB15_testing-set.csv
1211,21031,UNSW_NB15_testing-set.csv#id=021081,21081,1,UNSW_NB15_testing-set.csv
1212,4591,UNSW_NB15_testing-set.csv#id=004620,4620,1,UNSW_NB15_testing-set.csv
1213,8956,UNSW_NB15_testing-set.csv#id=009006,9006,1,UNSW_NB15_testing-set.csv
1214,10952,UNSW_NB15_testing-set.csv#id=011002,11002,1,UNSW_NB15_testing-set.csv
1215,52493,UNSW_NB15_testing-set.csv#id=052764,52764,1,UNSW_NB15_testing-set.csv
1216,62503,UNSW_NB15_testing-set.csv#id=063070,63070,1,UNSW_NB15_testing-set.csv
1217,1284,UNSW_NB15_testing-set.csv#id=001296,1296,1,UNSW_NB15_testing-set.csv
1218,15169,UNSW_NB15_testing-set.csv#id=015219,15219,1,UNSW_NB15_testing-set.csv
1219,2299,UNSW_NB15_testing-set.csv#id=002320,2320,1,UNSW_NB15_testing-set.csv
1220,50620,UNSW_NB15_testing-set.csv#id=050828,50828,1,UNSW_NB15_testing-set.csv
1221,13777,UNSW_NB15_testing-set.csv#id=013827,13827,1,UNSW_NB15_testing-set.csv
1222,7404,UNSW_NB15_testing-set.csv#id=007454,7454,1,UNSW_NB15_testing-set.csv
1223,14853,UNSW_NB15_testing-set.csv#id=014903,14903,1,UNSW_NB15_testing-set.csv
1224,6008,UNSW_NB15_testing-set.csv#id=006042,6042,1,UNSW_NB15_testing-set.csv
1225,54333,UNSW_NB15_testing-set.csv#id=054684,54684,1,UNSW_NB15_testing-set.csv
1226,17574,UNSW_NB15_testing-set.csv#id=017624,17624,1,UNSW_NB15_testing-set.csv
1227,16192,UNSW_NB15_testing-set.csv#id=016242,16242,1,UNSW_NB15_testing-set.csv
1228,16831,UNSW_NB15_testing-set.csv#id=016881,16881,1,UNSW_NB15_testing-set.csv
1229,15109,UNSW_NB15_testing-set.csv#id=015159,15159,1,UNSW_NB15_testing-set.csv
1230,8895,UNSW_NB15_testing-set.csv#id=008945,8945,1,UNSW_NB15_testing-set.csv
1231,3219,UNSW_NB15_testing-set.csv#id=003244,3244,1,UNSW_NB15_testing-set.csv
1232,20810,UNSW_NB15_testing-set.csv#id=020860,20860,1,UNSW_NB15_testing-set.csv
1233,22422,UNSW_NB15_testing-set.csv#id=022472,22472,1,UNSW_NB15_testing-set.csv
1234,61661,UNSW_NB15_testing-set.csv#id=062217,62217,1,UNSW_NB15_testing-set.csv
1235,45845,UNSW_NB15_testing-set.csv#id=045897,45897,1,UNSW_NB15_testing-set.csv
1236,46989,UNSW_NB15_testing-set.csv#id=047052,47052,1,UNSW_NB15_testing-set.csv
1237,691,UNSW_NB15_testing-set.csv#id=000697,697,1,UNSW_NB15_testing-set.csv
1238,18240,UNSW_NB15_testing-set.csv#id=018290,18290,1,UNSW_NB15_testing-set.csv
1239,17164,UNSW_NB15_testing-set.csv#id=017214,17214,1,UNSW_NB15_testing-set.csv
1240,46077,UNSW_NB15_testing-set.csv#id=046129,46129,1,UNSW_NB15_testing-set.csv
1241,45656,UNSW_NB15_testing-set.csv#id=045707,45707,1,UNSW_NB15_testing-set.csv
1242,47299,UNSW_NB15_testing-set.csv#id=047372,47372,1,UNSW_NB15_testing-set.csv
1243,15556,UNSW_NB15_testing-set.csv#id=015606,15606,1,UNSW_NB15_testing-set.csv
1244,14282,UNSW_NB15_testing-set.csv#id=014332,14332,1,UNSW_NB15_testing-set.csv
1245,48089,UNSW_NB15_testing-set.csv#id=048185,48185,1,UNSW_NB15_testing-set.csv
1246,17605,UNSW_NB15_testing-set.csv#id=017655,17655,1,UNSW_NB15_testing-set.csv
1247,48182,UNSW_NB15_testing-set.csv#id=048280,48280,1,UNSW_NB15_testing-set.csv
1248,59571,UNSW_NB15_testing-set.csv#id=060096,60096,1,UNSW_NB15_testing-set.csv
1249,61494,UNSW_NB15_testing-set.csv#id=062045,62045,1,UNSW_NB15_testing-set.csv
1250,52169,UNSW_NB15_testing-set.csv#id=052428,52428,1,UNSW_NB15_testing-set.csv
1251,55940,UNSW_NB15_testing-set.csv#id=056361,56361,1,UNSW_NB15_testing-set.csv
1252,16838,UNSW_NB15_testing-set.csv#id=016888,16888,1,UNSW_NB15_testing-set.csv
1253,63995,UNSW_NB15_testing-set.csv#id=064574,64574,1,UNSW_NB15_testing-set.csv
1254,63609,UNSW_NB15_testing-set.csv#id=064187,64187,1,UNSW_NB15_testing-set.csv
1255,9499,UNSW_NB15_testing-set.csv#id=009549,9549,1,UNSW_NB15_testing-set.csv
1256,1261,UNSW_NB15_testing-set.csv#id=001272,1272,1,UNSW_NB15_testing-set.csv
1257,20301,UNSW_NB15_testing-set.csv#id=020351,20351,1,UNSW_NB15_testing-set.csv
1258,53244,UNSW_NB15_testing-set.csv#id=053550,53550,1,UNSW_NB15_testing-set.csv
1259,19211,UNSW_NB15_testing-set.csv#id=019261,19261,1,UNSW_NB15_testing-set.csv
1260,9238,UNSW_NB15_testing-set.csv#id=009288,9288,1,UNSW_NB15_testing-set.csv
1261,385,UNSW_NB15_testing-set.csv#id=000387,387,1,UNSW_NB15_testing-set.csv
1262,4638,UNSW_NB15_testing-set.csv#id=004667,4667,1,UNSW_NB15_testing-set.csv
1263,22376,UNSW_NB15_testing-set.csv#id=022426,22426,1,UNSW_NB15_testing-set.csv
1264,55647,UNSW_NB15_testing-set.csv#id=056051,56051,1,UNSW_NB15_testing-set.csv
1265,58425,UNSW_NB15_testing-set.csv#id=058919,58919,1,UNSW_NB15_testing-set.csv
1266,58619,UNSW_NB15_testing-set.csv#id=059123,59123,1,UNSW_NB15_testing-set.csv
1267,51309,UNSW_NB15_testing-set.csv#id=051543,51543,1,UNSW_NB15_testing-set.csv
1268,60311,UNSW_NB15_testing-set.csv#id=060844,60844,1,UNSW_NB15_testing-set.csv
1269,54796,UNSW_NB15_testing-set.csv#id=055164,55164,1,UNSW_NB15_testing-set.csv
1270,4848,UNSW_NB15_testing-set.csv#id=004878,4878,1,UNSW_NB15_testing-set.csv
1271,19805,UNSW_NB15_testing-set.csv#id=019855,19855,1,UNSW_NB15_testing-set.csv
1272,45609,UNSW_NB15_testing-set.csv#id=045660,45660,1,UNSW_NB15_testing-set.csv
1273,62330,UNSW_NB15_testing-set.csv#id=062896,62896,1,UNSW_NB15_testing-set.csv
1274,54989,UNSW_NB15_testing-set.csv#id=055363,55363,1,UNSW_NB15_testing-set.csv
1275,44026,UNSW_NB15_testing-set.csv#id=044076,44076,1,UNSW_NB15_testing-set.csv
1276,52708,UNSW_NB15_testing-set.csv#id=052993,52993,1,UNSW_NB15_testing-set.csv
1277,49259,UNSW_NB15_testing-set.csv#id=049402,49402,1,UNSW_NB15_testing-set.csv
1278,53176,UNSW_NB15_testing-set.csv#id=053480,53480,1,UNSW_NB15_testing-set.csv
1279,4151,UNSW_NB15_testing-set.csv#id=004179,4179,1,UNSW_NB15_testing-set.csv
1280,23007,UNSW_NB15_testing-set.csv#id=023057,23057,1,UNSW_NB15_testing-set.csv
1281,18427,UNSW_NB15_testing-set.csv#id=018477,18477,1,UNSW_NB15_testing-set.csv
1282,16933,UNSW_NB15_testing-set.csv#id=016983,16983,1,UNSW_NB15_testing-set.csv
1283,48960,UNSW_NB15_testing-set.csv#id=049093,49093,1,UNSW_NB15_testing-set.csv
1284,59197,UNSW_NB15_testing-set.csv#id=059715,59715,1,UNSW_NB15_testing-set.csv
1285,48897,UNSW_NB15_testing-set.csv#id=049026,49026,1,UNSW_NB15_testing-set.csv
1286,52820,UNSW_NB15_testing-set.csv#id=053110,53110,1,UNSW_NB15_testing-set.csv
1287,59272,UNSW_NB15_testing-set.csv#id=059791,59791,1,UNSW_NB15_testing-set.csv
1288,20932,UNSW_NB15_testing-set.csv#id=020982,20982,1,UNSW_NB15_testing-set.csv
1289,15332,UNSW_NB15_testing-set.csv#id=015382,15382,1,UNSW_NB15_testing-set.csv
1290,9585,UNSW_NB15_testing-set.csv#id=009635,9635,1,UNSW_NB15_testing-set.csv
1291,10978,UNSW_NB15_testing-set.csv#id=011028,11028,1,UNSW_NB15_testing-set.csv
1292,60711,UNSW_NB15_testing-set.csv#id=061252,61252,1,UNSW_NB15_testing-set.csv
1293,63837,UNSW_NB15_testing-set.csv#id=064416,64416,1,UNSW_NB15_testing-set.csv
1294,58353,UNSW_NB15_testing-set.csv#id=058847,58847,1,UNSW_NB15_testing-set.csv
1295,61037,UNSW_NB15_testing-set.csv#id=061586,61586,1,UNSW_NB15_testing-set.csv
1296,9032,UNSW_NB15_testing-set.csv#id=009082,9082,1,UNSW_NB15_testing-set.csv
1297,50558,UNSW_NB15_testing-set.csv#id=050763,50763,1,UNSW_NB15_testing-set.csv
1298,8103,UNSW_NB15_testing-set.csv#id=008153,8153,1,UNSW_NB15_testing-set.csv
1299,11932,UNSW_NB15_testing-set.csv#id=011982,11982,1,UNSW_NB15_testing-set.csv
1300,62876,UNSW_NB15_testing-set.csv#id=063443,63443,1,UNSW_NB15_testing-set.csv
1301,16085,UNSW_NB15_testing-set.csv#id=016135,16135,1,UNSW_NB15_testing-set.csv
1302,6823,UNSW_NB15_testing-set.csv#id=006873,6873,1,UNSW_NB15_testing-set.csv
1303,20894,UNSW_NB15_testing-set.csv#id=020944,20944,1,UNSW_NB15_testing-set.csv
1304,50590,UNSW_NB15_testing-set.csv#id=050796,50796,1,UNSW_NB15_testing-set.csv
1305,7292,UNSW_NB15_testing-set.csv#id=007342,7342,1,UNSW_NB15_testing-set.csv
1306,17645,UNSW_NB15_testing-set.csv#id=017695,17695,1,UNSW_NB15_testing-set.csv
1307,49483,UNSW_NB15_testing-set.csv#id=049635,49635,1,UNSW_NB15_testing-set.csv
1308,59716,UNSW_NB15_testing-set.csv#id=060243,60243,1,UNSW_NB15_testing-set.csv
1309,54543,UNSW_NB15_testing-set.csv#id=054900,54900,1,UNSW_NB15_testing-set.csv
1310,4387,UNSW_NB15_testing-set.csv#id=004415,4415,1,UNSW_NB15_testing-set.csv
1311,61914,UNSW_NB15_testing-set.csv#id=062478,62478,1,UNSW_NB15_testing-set.csv
1312,18218,UNSW_NB15_testing-set.csv#id=018268,18268,1,UNSW_NB15_testing-set.csv
1313,19102,UNSW_NB15_testing-set.csv#id=019152,19152,1,UNSW_NB15_testing-set.csv
1314,23166,UNSW_NB15_testing-set.csv#id=023216,23216,1,UNSW_NB15_testing-set.csv
1315,16037,UNSW_NB15_testing-set.csv#id=016087,16087,1,UNSW_NB15_testing-set.csv
1316,55597,UNSW_NB15_testing-set.csv#id=056000,56000,1,UNSW_NB15_testing-set.csv
1317,1792,UNSW_NB15_testing-set.csv#id=001809,1809,1,UNSW_NB15_testing-set.csv
1318,792,UNSW_NB15_testing-set.csv#id=000798,798,1,UNSW_NB15_testing-set.csv
1319,62060,UNSW_NB15_testing-set.csv#id=062625,62625,1,UNSW_NB15_testing-set.csv
1320,22920,UNSW_NB15_testing-set.csv#id=022970,22970,1,UNSW_NB15_testing-set.csv
1321,61251,UNSW_NB15_testing-set.csv#id=061800,61800,1,UNSW_NB15_testing-set.csv
1322,18721,UNSW_NB15_testing-set.csv#id=018771,18771,1,UNSW_NB15_testing-set.csv
1323,6844,UNSW_NB15_testing-set.csv#id=006894,6894,1,UNSW_NB15_testing-set.csv
1324,63863,UNSW_NB15_testing-set.csv#id=064442,64442,1,UNSW_NB15_testing-set.csv
1325,52148,UNSW_NB15_testing-set.csv#id=052407,52407,1,UNSW_NB15_testing-set.csv
1326,53948,UNSW_NB15_testing-set.csv#id=054285,54285,1,UNSW_NB15_testing-set.csv
1327,12041,UNSW_NB15_testing-set.csv#id=012091,12091,1,UNSW_NB15_testing-set.csv
1328,45509,UNSW_NB15_testing-set.csv#id=045560,45560,1,UNSW_NB15_testing-set.csv
1329,54157,UNSW_NB15_testing-set.csv#id=054500,54500,1,UNSW_NB15_testing-set.csv
1330,52511,UNSW_NB15_testing-set.csv#id=052783,52783,1,UNSW_NB15_testing-set.csv
1331,43999,UNSW_NB15_testing-set.csv#id=044049,44049,1,UNSW_NB15_testing-set.csv
1332,50390,UNSW_NB15_testing-set.csv#id=050587,50587,1,UNSW_NB15_testing-set.csv
1333,53655,UNSW_NB15_testing-set.csv#id=053978,53978,1,UNSW_NB15_testing-set.csv
1334,17707,UNSW_NB15_testing-set.csv#id=017757,17757,1,UNSW_NB15_testing-set.csv
1335,43675,UNSW_NB15_testing-set.csv#id=043725,43725,1,UNSW_NB15_testing-set.csv
1336,44923,UNSW_NB15_testing-set.csv#id=044973,44973,1,UNSW_NB15_testing-set.csv
1337,8410,UNSW_NB15_testing-set.csv#id=008460,8460,1,UNSW_NB15_testing-set.csv
1338,47447,UNSW_NB15_testing-set.csv#id=047523,47523,1,UNSW_NB15_testing-set.csv
1339,47841,UNSW_NB15_testing-set.csv#id=047928,47928,1,UNSW_NB15_testing-set.csv
1340,11427,UNSW_NB15_testing-set.csv#id=011477,11477,1,UNSW_NB15_testing-set.csv
1341,57513,UNSW_NB15_testing-set.csv#id=057985,57985,1,UNSW_NB15_testing-set.csv
1342,59051,UNSW_NB15_testing-set.csv#id=059566,59566,1,UNSW_NB15_testing-set.csv
1343,57884,UNSW_NB15_testing-set.csv#id=058363,58363,1,UNSW_NB15_testing-set.csv
1344,64724,UNSW_NB15_testing-set.csv#id=065305,65305,1,UNSW_NB15_testing-set.csv
1345,7133,UNSW_NB15_testing-set.csv#id=007183,7183,1,UNSW_NB15_testing-set.csv
1346,46788,UNSW_NB15_testing-set.csv#id=046848,46848,1,UNSW_NB15_testing-set.csv
1347,2532,UNSW_NB15_testing-set.csv#id=002553,2553,1,UNSW_NB15_testing-set.csv
1348,1043,UNSW_NB15_testing-set.csv#id=001050,1050,1,UNSW_NB15_testing-set.csv
1349,8611,UNSW_NB15_testing-set.csv#id=008661,8661,1,UNSW_NB15_testing-set.csv
1350,57398,UNSW_NB15_testing-set.csv#id=057867,57867,1,UNSW_NB15_testing-set.csv
1351,63593,UNSW_NB15_testing-set.csv#id=064171,64171,1,UNSW_NB15_testing-set.csv
1352,49787,UNSW_NB15_testing-set.csv#id=049958,49958,1,UNSW_NB15_testing-set.csv
1353,15392,UNSW_NB15_testing-set.csv#id=015442,15442,1,UNSW_NB15_testing-set.csv
1354,13242,UNSW_NB15_testing-set.csv#id=013292,13292,1,UNSW_NB15_testing-set.csv
1355,6066,UNSW_NB15_testing-set.csv#id=006100,6100,1,UNSW_NB15_testing-set.csv
1356,46743,UNSW_NB15_testing-set.csv#id=046802,46802,1,UNSW_NB15_testing-set.csv
1357,19966,UNSW_NB15_testing-set.csv#id=020016,20016,1,UNSW_NB15_testing-set.csv
1358,2471,UNSW_NB15_testing-set.csv#id=002492,2492,1,UNSW_NB15_testing-set.csv
1359,52349,UNSW_NB15_testing-set.csv#id=052615,52615,1,UNSW_NB15_testing-set.csv
1360,12293,UNSW_NB15_testing-set.csv#id=012343,12343,1,UNSW_NB15_testing-set.csv
1361,8286,UNSW_NB15_testing-set.csv#id=008336,8336,1,UNSW_NB15_testing-set.csv
1362,47948,UNSW_NB15_testing-set.csv#id=048039,48039,1,UNSW_NB15_testing-set.csv
1363,7539,UNSW_NB15_testing-set.csv#id=007589,7589,1,UNSW_NB15_testing-set.csv
1364,44173,UNSW_NB15_testing-set.csv#id=044223,44223,1,UNSW_NB15_testing-set.csv
1365,18552,UNSW_NB15_testing-set.csv#id=018602,18602,1,UNSW_NB15_testing-set.csv
1366,59358,UNSW_NB15_testing-set.csv#id=059879,59879,1,UNSW_NB15_testing-set.csv
1367,4262,UNSW_NB15_testing-set.csv#id=004290,4290,1,UNSW_NB15_testing-set.csv
1368,60107,UNSW_NB15_testing-set.csv#id=060640,60640,1,UNSW_NB15_testing-set.csv
1369,45786,UNSW_NB15_testing-set.csv#id=045838,45838,1,UNSW_NB15_testing-set.csv
1370,5842,UNSW_NB15_testing-set.csv#id=005876,5876,1,UNSW_NB15_testing-set.csv
1371,17369,UNSW_NB15_testing-set.csv#id=017419,17419,1,UNSW_NB15_testing-set.csv
1372,46315,UNSW_NB15_testing-set.csv#id=046371,46371,1,UNSW_NB15_testing-set.csv
1373,46014,UNSW_NB15_testing-set.csv#id=046066,46066,1,UNSW_NB15_testing-set.csv
1374,64338,UNSW_NB15_testing-set.csv#id=064917,64917,1,UNSW_NB15_testing-set.csv
1375,44936,UNSW_NB15_testing-set.csv#id=044986,44986,1,UNSW_NB15_testing-set.csv
1376,974,UNSW_NB15_testing-set.csv#id=000981,981,1,UNSW_NB15_testing-set.csv
1377,61300,UNSW_NB15_testing-set.csv#id=061849,61849,1,UNSW_NB15_testing-set.csv
1378,419,UNSW_NB15_testing-set.csv#id=000421,421,1,UNSW_NB15_testing-set.csv
1379,11936,UNSW_NB15_testing-set.csv#id=011986,11986,1,UNSW_NB15_testing-set.csv
1380,64287,UNSW_NB15_testing-set.csv#id=064866,64866,1,UNSW_NB15_testing-set.csv
1381,5598,UNSW_NB15_testing-set.csv#id=005632,5632,1,UNSW_NB15_testing-set.csv
1382,22630,UNSW_NB15_testing-set.csv#id=022680,22680,1,UNSW_NB15_testing-set.csv
1383,55577,UNSW_NB15_testing-set.csv#id=055978,55978,1,UNSW_NB15_testing-set.csv
1384,7875,UNSW_NB15_testing-set.csv#id=007925,7925,1,UNSW_NB15_testing-set.csv
1385,2901,UNSW_NB15_testing-set.csv#id=002925,2925,1,UNSW_NB15_testing-set.csv
1386,51110,UNSW_NB15_testing-set.csv#id=051338,51338,1,UNSW_NB15_testing-set.csv
1387,50101,UNSW_NB15_testing-set.csv#id=050291,50291,1,UNSW_NB15_testing-set.csv
1388,6586,UNSW_NB15_testing-set.csv#id=006625,6625,1,UNSW_NB15_testing-set.csv
1389,54790,UNSW_NB15_testing-set.csv#id=055158,55158,1,UNSW_NB15_testing-set.csv
1390,5805,UNSW_NB15_testing-set.csv#id=005839,5839,1,UNSW_NB15_testing-set.csv
1391,64883,UNSW_NB15_testing-set.csv#id=065464,65464,1,UNSW_NB15_testing-set.csv
1392,46732,UNSW_NB15_testing-set.csv#id=046791,46791,1,UNSW_NB15_testing-set.csv
1393,6773,UNSW_NB15_testing-set.csv#id=006822,6822,1,UNSW_NB15_testing-set.csv
1394,59809,UNSW_NB15_testing-set.csv#id=060336,60336,1,UNSW_NB15_testing-set.csv
1395,5724,UNSW_NB15_testing-set.csv#id=005758,5758,1,UNSW_NB15_testing-set.csv
1396,14244,UNSW_NB15_testing-set.csv#id=014294,14294,1,UNSW_NB15_testing-set.csv
1397,56983,UNSW_NB15_testing-set.csv#id=057442,57442,1,UNSW_NB15_testing-set.csv
1398,53126,UNSW_NB15_testing-set.csv#id=053428,53428,1,UNSW_NB15_testing-set.csv
1399,13553,UNSW_NB15_testing-set.csv#id=013603,13603,1,UNSW_NB15_testing-set.csv
1400,51782,UNSW_NB15_testing-set.csv#id=052027,52027,1,UNSW_NB15_testing-set.csv
1401,57838,UNSW_NB15_testing-set.csv#id=058315,58315,1,UNSW_NB15_testing-set.csv
1402,52538,UNSW_NB15_testing-set.csv#id=052812,52812,1,UNSW_NB15_testing-set.csv
1403,49623,UNSW_NB15_testing-set.csv#id=049785,49785,1,UNSW_NB15_testing-set.csv
1404,7549,UNSW_NB15_testing-set.csv#id=007599,7599,1,UNSW_NB15_testing-set.csv
1405,51521,UNSW_NB15_testing-set.csv#id=051759,51759,1,UNSW_NB15_testing-set.csv
1406,1083,UNSW_NB15_testing-set.csv#id=001092,1092,1,UNSW_NB15_testing-set.csv
1407,17169,UNSW_NB15_testing-set.csv#id=017219,17219,1,UNSW_NB15_testing-set.csv
1408,15542,UNSW_NB15_testing-set.csv#id=015592,15592,1,UNSW_NB15_testing-set.csv
1409,53016,UNSW_NB15_testing-set.csv#id=053314,53314,1,UNSW_NB15_testing-set.csv
1410,1560,UNSW_NB15_testing-set.csv#id=001575,1575,1,UNSW_NB15_testing-set.csv
1411,58581,UNSW_NB15_testing-set.csv#id=059083,59083,1,UNSW_NB15_testing-set.csv
1412,3692,UNSW_NB15_testing-set.csv#id=003719,3719,1,UNSW_NB15_testing-set.csv
1413,56878,UNSW_NB15_testing-set.csv#id=057333,57333,1,UNSW_NB15_testing-set.csv
1414,14271,UNSW_NB15_testing-set.csv#id=014321,14321,1,UNSW_NB15_testing-set.csv
1415,48596,UNSW_NB15_testing-set.csv#id=048707,48707,1,UNSW_NB15_testing-set.csv
1416,18528,UNSW_NB15_testing-set.csv#id=018578,18578,1,UNSW_NB15_testing-set.csv
1417,23006,UNSW_NB15_testing-set.csv#id=023056,23056,1,UNSW_NB15_testing-set.csv
1418,9798,UNSW_NB15_testing-set.csv#id=009848,9848,1,UNSW_NB15_testing-set.csv
1419,13336,UNSW_NB15_testing-set.csv#id=013386,13386,1,UNSW_NB15_testing-set.csv
1420,47054,UNSW_NB15_testing-set.csv#id=047118,47118,1,UNSW_NB15_testing-set.csv
1421,5232,UNSW_NB15_testing-set.csv#id=005262,5262,1,UNSW_NB15_testing-set.csv
1422,55822,UNSW_NB15_testing-set.csv#id=056236,56236,1,UNSW_NB15_testing-set.csv
1423,44734,UNSW_NB15_testing-set.csv#id=044784,44784,1,UNSW_NB15_testing-set.csv
1424,14307,UNSW_NB15_testing-set.csv#id=014357,14357,1,UNSW_NB15_testing-set.csv
1425,6802,UNSW_NB15_testing-set.csv#id=006852,6852,1,UNSW_NB15_testing-set.csv
1426,56442,UNSW_NB15_testing-set.csv#id=056878,56878,1,UNSW_NB15_testing-set.csv
1427,52952,UNSW_NB15_testing-set.csv#id=053248,53248,1,UNSW_NB15_testing-set.csv
1428,16214,UNSW_NB15_testing-set.csv#id=016264,16264,1,UNSW_NB15_testing-set.csv
1429,3752,UNSW_NB15_testing-set.csv#id=003779,3779,1,UNSW_NB15_testing-set.csv
1430,64021,UNSW_NB15_testing-set.csv#id=064600,64600,1,UNSW_NB15_testing-set.csv
1431,60699,UNSW_NB15_testing-set.csv#id=061239,61239,1,UNSW_NB15_testing-set.csv
1432,47180,UNSW_NB15_testing-set.csv#id=047248,47248,1,UNSW_NB15_testing-set.csv
1433,63300,UNSW_NB15_testing-set.csv#id=063873,63873,1,UNSW_NB15_testing-set.csv
1434,20322,UNSW_NB15_testing-set.csv#id=020372,20372,1,UNSW_NB15_testing-set.csv
1435,45128,UNSW_NB15_testing-set.csv#id=045179,45179,1,UNSW_NB15_testing-set.csv
1436,61117,UNSW_NB15_testing-set.csv#id=061666,61666,1,UNSW_NB15_testing-set.csv
1437,11222,UNSW_NB15_testing-set.csv#id=011272,11272,1,UNSW_NB15_testing-set.csv
1438,11478,UNSW_NB15_testing-set.csv#id=011528,11528,1,UNSW_NB15_testing-set.csv
1439,13107,UNSW_NB15_testing-set.csv#id=013157,13157,1,UNSW_NB15_testing-set.csv
1440,58324,UNSW_NB15_testing-set.csv#id=058818,58818,1,UNSW_NB15_testing-set.csv
1441,64498,UNSW_NB15_testing-set.csv#id=065077,65077,1,UNSW_NB15_testing-set.csv
1442,54677,UNSW_NB15_testing-set.csv#id=055037,55037,1,UNSW_NB15_testing-set.csv
1443,60148,UNSW_NB15_testing-set.csv#id=060681,60681,1,UNSW_NB15_testing-set.csv
1444,7435,UNSW_NB15_testing-set.csv#id=007485,7485,1,UNSW_NB15_testing-set.csv
1445,20476,UNSW_NB15_testing-set.csv#id=020526,20526,1,UNSW_NB15_testing-set.csv
1446,47882,UNSW_NB15_testing-set.csv#id=047970,47970,1,UNSW_NB15_testing-set.csv
1447,44088,UNSW_NB15_testing-set.csv#id=044138,44138,1,UNSW_NB15_testing-set.csv
1448,58237,UNSW_NB15_testing-set.csv#id=058727,58727,1,UNSW_NB15_testing-set.csv
1449,12648,UNSW_NB15_testing-set.csv#id=012698,12698,1,UNSW_NB15_testing-set.csv
1450,65032,UNSW_NB15_testing-set.csv#id=065615,65615,1,UNSW_NB15_testing-set.csv
1451,22077,UNSW_NB15_testing-set.csv#id=022127,22127,1,UNSW_NB15_testing-set.csv
1452,58066,UNSW_NB15_testing-set.csv#id=058551,58551,1,UNSW_NB15_testing-set.csv
1453,50908,UNSW_NB15_testing-set.csv#id=051129,51129,1,UNSW_NB15_testing-set.csv
1454,46608,UNSW_NB15_testing-set.csv#id=046667,46667,1,UNSW_NB15_testing-set.csv
1455,10441,UNSW_NB15_testing-set.csv#id=010491,10491,1,UNSW_NB15_testing-set.csv
1456,45682,UNSW_NB15_testing-set.csv#id=045734,45734,1,UNSW_NB15_testing-set.csv
1457,4171,UNSW_NB15_testing-set.csv#id=004199,4199,1,UNSW_NB15_testing-set.csv
1458,10925,UNSW_NB15_testing-set.csv#id=010975,10975,1,UNSW_NB15_testing-set.csv
1459,21264,UNSW_NB15_testing-set.csv#id=021314,21314,1,UNSW_NB15_testing-set.csv
1460,47936,UNSW_NB15_testing-set.csv#id=048025,48025,1,UNSW_NB15_testing-set.csv
1461,51744,UNSW_NB15_testing-set.csv#id=051987,51987,1,UNSW_NB15_testing-set.csv
1462,5134,UNSW_NB15_testing-set.csv#id=005164,5164,1,UNSW_NB15_testing-set.csv
1463,7032,UNSW_NB15_testing-set.csv#id=007082,7082,1,UNSW_NB15_testing-set.csv
1464,1626,UNSW_NB15_testing-set.csv#id=001642,1642,1,UNSW_NB15_testing-set.csv
1465,56624,UNSW_NB15_testing-set.csv#id=057070,57070,1,UNSW_NB15_testing-set.csv
1466,8569,UNSW_NB15_testing-set.csv#id=008619,8619,1,UNSW_NB15_testing-set.csv
1467,61769,UNSW_NB15_testing-set.csv#id=062327,62327,1,UNSW_NB15_testing-set.csv
1468,652,UNSW_NB15_testing-set.csv#id=000657,657,1,UNSW_NB15_testing-set.csv
1469,4214,UNSW_NB15_testing-set.csv#id=004242,4242,1,UNSW_NB15_testing-set.csv
1470,61150,UNSW_NB15_testing-set.csv#id=061699,61699,1,UNSW_NB15_testing-set.csv
1471,1152,UNSW_NB15_testing-set.csv#id=001163,1163,1,UNSW_NB15_testing-set.csv
1472,6354,UNSW_NB15_testing-set.csv#id=006390,6390,1,UNSW_NB15_testing-set.csv
1473,14350,UNSW_NB15_testing-set.csv#id=014400,14400,1,UNSW_NB15_testing-set.csv
1474,2338,UNSW_NB15_testing-set.csv#id=002359,2359,1,UNSW_NB15_testing-set.csv
1475,47213,UNSW_NB15_testing-set.csv#id=047283,47283,1,UNSW_NB15_testing-set.csv
1476,6896,UNSW_NB15_testing-set.csv#id=006946,6946,1,UNSW_NB15_testing-set.csv
1477,8706,UNSW_NB15_testing-set.csv#id=008756,8756,1,UNSW_NB15_testing-set.csv
1478,51990,UNSW_NB15_testing-set.csv#id=052244,52244,1,UNSW_NB15_testing-set.csv
1479,58732,UNSW_NB15_testing-set.csv#id=059241,59241,1,UNSW_NB15_testing-set.csv
1480,20622,UNSW_NB15_testing-set.csv#id=020672,20672,1,UNSW_NB15_testing-set.csv
1481,22127,UNSW_NB15_testing-set.csv#id=022177,22177,1,UNSW_NB15_testing-set.csv
1482,2391,UNSW_NB15_testing-set.csv#id=002412,2412,1,UNSW_NB15_testing-set.csv
1483,21591,UNSW_NB15_testing-set.csv#id=021641,21641,1,UNSW_NB15_testing-set.csv
1484,61674,UNSW_NB15_testing-set.csv#id=062230,62230,1,UNSW_NB15_testing-set.csv
1485,11163,UNSW_NB15_testing-set.csv#id=011213,11213,1,UNSW_NB15_testing-set.csv
1486,14873,UNSW_NB15_testing-set.csv#id=014923,14923,1,UNSW_NB15_testing-set.csv
1487,53429,UNSW_NB15_testing-set.csv#id=053742,53742,1,UNSW_NB15_testing-set.csv
1488,10340,UNSW_NB15_testing-set.csv#id=010390,10390,1,UNSW_NB15_testing-set.csv
1489,14990,UNSW_NB15_testing-set.csv#id=015040,15040,1,UNSW_NB15_testing-set.csv
1490,50747,UNSW_NB15_testing-set.csv#id=050962,50962,1,UNSW_NB15_testing-set.csv
1491,58712,UNSW_NB15_testing-set.csv#id=059221,59221,1,UNSW_NB15_testing-set.csv
1492,21473,UNSW_NB15_testing-set.csv#id=021523,21523,1,UNSW_NB15_testing-set.csv
1493,60965,UNSW_NB15_testing-set.csv#id=061514,61514,1,UNSW_NB15_testing-set.csv
1494,10971,UNSW_NB15_testing-set.csv#id=011021,11021,1,UNSW_NB15_testing-set.csv
1495,46954,UNSW_NB15_testing-set.csv#id=047016,47016,1,UNSW_NB15_testing-set.csv
1496,14511,UNSW_NB15_testing-set.csv#id=014561,14561,1,UNSW_NB15_testing-set.csv
1497,10376,UNSW_NB15_testing-set.csv#id=010426,10426,1,UNSW_NB15_testing-set.csv
1498,11762,UNSW_NB15_testing-set.csv#id=011812,11812,1,UNSW_NB15_testing-set.csv
1499,43960,UNSW_NB15_testing-set.csv#id=044010,44010,1,UNSW_NB15_testing-set.csv
1500,57743,UNSW_NB15_testing-set.csv#id=058219,58219,1,UNSW_NB15_testing-set.csv
1501,20918,UNSW_NB15_testing-set.csv#id=020968,20968,1,UNSW_NB15_testing-set.csv
1502,55062,UNSW_NB15_testing-set.csv#id=055440,55440,1,UNSW_NB15_testing-set.csv
1503,44910,UNSW_NB15_testing-set.csv#id=044960,44960,1,UNSW_NB15_testing-set.csv
1504,19330,UNSW_NB15_testing-set.csv#id=019380,19380,1,UNSW_NB15_testing-set.csv
1505,18393,UNSW_NB15_testing-set.csv#id=018443,18443,1,UNSW_NB15_testing-set.csv
1506,14984,UNSW_NB15_testing-set.csv#id=015034,15034,1,UNSW_NB15_testing-set.csv
1507,1537,UNSW_NB15_testing-set.csv#id=001552,1552,1,UNSW_NB15_testing-set.csv
1508,21907,UNSW_NB15_testing-set.csv#id=021957,21957,1,UNSW_NB15_testing-set.csv
1509,12407,UNSW_NB15_testing-set.csv#id=012457,12457,1,UNSW_NB15_testing-set.csv
1510,22734,UNSW_NB15_testing-set.csv#id=022784,22784,1,UNSW_NB15_testing-set.csv
1511,5160,UNSW_NB15_testing-set.csv#id=005190,5190,1,UNSW_NB15_testing-set.csv
1512,297,UNSW_NB15_testing-set.csv#id=000299,299,1,UNSW_NB15_testing-set.csv
1513,7438,UNSW_NB15_testing-set.csv#id=007488,7488,1,UNSW_NB15_testing-set.csv
1514,58709,UNSW_NB15_testing-set.csv#id=059218,59218,1,UNSW_NB15_testing-set.csv
1515,18603,UNSW_NB15_testing-set.csv#id=018653,18653,1,UNSW_NB15_testing-set.csv
1516,5203,UNSW_NB15_testing-set.csv#id=005233,5233,1,UNSW_NB15_testing-set.csv
1517,13080,UNSW_NB15_testing-set.csv#id=013130,13130,1,UNSW_NB15_testing-set.csv
1518,316,UNSW_NB15_testing-set.csv#id=000318,318,1,UNSW_NB15_testing-set.csv
1519,6949,UNSW_NB15_testing-set.csv#id=006999,6999,1,UNSW_NB15_testing-set.csv
1520,64960,UNSW_NB15_testing-set.csv#id=065541,65541,1,UNSW_NB15_testing-set.csv
1521,10449,UNSW_NB15_testing-set.csv#id=010499,10499,1,UNSW_NB15_testing-set.csv
1522,17691,UNSW_NB15_testing-set.csv#id=017741,17741,1,UNSW_NB15_testing-set.csv
1523,21959,UNSW_NB15_testing-set.csv#id=022009,22009,1,UNSW_NB15_testing-set.csv
1524,13616,UNSW_NB15_testing-set.csv#id=013666,13666,1,UNSW_NB15_testing-set.csv
1525,63782,UNSW_NB15_testing-set.csv#id=064361,64361,1,UNSW_NB15_testing-set.csv
1526,9409,UNSW_NB15_testing-set.csv#id=009459,9459,1,UNSW_NB15_testing-set.csv
1527,20135,UNSW_NB15_testing-set.csv#id=020185,20185,1,UNSW_NB15_testing-set.csv
1528,51434,UNSW_NB15_testing-set.csv#id=051671,51671,1,UNSW_NB15_testing-set.csv
1529,60273,UNSW_NB15_testing-set.csv#id=060806,60806,1,UNSW_NB15_testing-set.csv
1530,2923,UNSW_NB15_testing-set.csv#id=002947,2947,1,UNSW_NB15_testing-set.csv
1531,54949,UNSW_NB15_testing-set.csv#id=055322,55322,1,UNSW_NB15_testing-set.csv
1532,17269,UNSW_NB15_testing-set.csv#id=017319,17319,1,UNSW_NB15_testing-set.csv
1533,48664,UNSW_NB15_testing-set.csv#id=048779,48779,1,UNSW_NB15_testing-set.csv
1534,5185,UNSW_NB15_testing-set.csv#id=005215,5215,1,UNSW_NB15_testing-set.csv
1535,58250,UNSW_NB15_testing-set.csv#id=058740,58740,1,UNSW_NB15_testing-set.csv
1536,2499,UNSW_NB15_testing-set.csv#id=002520,2520,1,UNSW_NB15_testing-set.csv
1537,2347,UNSW_NB15_testing-set.csv#id=002368,2368,1,UNSW_NB15_testing-set.csv
1538,14086,UNSW_NB15_testing-set.csv#id=014136,14136,1,UNSW_NB15_testing-set.csv
1539,55515,UNSW_NB15_testing-set.csv#id=055914,55914,1,UNSW_NB15_testing-set.csv
1540,23100,UNSW_NB15_testing-set.csv#id=023150,23150,1,UNSW_NB15_testing-set.csv
1541,11928,UNSW_NB15_testing-set.csv#id=011978,11978,1,UNSW_NB15_testing-set.csv
1542,20401,UNSW_NB15_testing-set.csv#id=020451,20451,1,UNSW_NB15_testing-set.csv
1543,64130,UNSW_NB15_testing-set.csv#id=064709,64709,1,UNSW_NB15_testing-set.csv
1544,3145,UNSW_NB15_testing-set.csv#id=003170,3170,1,UNSW_NB15_testing-set.csv
1545,45863,UNSW_NB15_testing-set.csv#id=045915,45915,1,UNSW_NB15_testing-set.csv
1546,11142,UNSW_NB15_testing-set.csv#id=011192,11192,1,UNSW_NB15_testing-set.csv
1547,2513,UNSW_NB15_testing-set.csv#id=002534,2534,1,UNSW_NB15_testing-set.csv
1548,2062,UNSW_NB15_testing-set.csv#id=002082,2082,1,UNSW_NB15_testing-set.csv
1549,13251,UNSW_NB15_testing-set.csv#id=013301,13301,1,UNSW_NB15_testing-set.csv
1550,4806,UNSW_NB15_testing-set.csv#id=004836,4836,1,UNSW_NB15_testing-set.csv
1551,53269,UNSW_NB15_testing-set.csv#id=053577,53577,1,UNSW_NB15_testing-set.csv
1552,63039,UNSW_NB15_testing-set.csv#id=063607,63607,1,UNSW_NB15_testing-set.csv
1553,62077,UNSW_NB15_testing-set.csv#id=062643,62643,1,UNSW_NB15_testing-set.csv
1554,1830,UNSW_NB15_testing-set.csv#id=001848,1848,1,UNSW_NB15_testing-set.csv
1555,6431,UNSW_NB15_testing-set.csv#id=006468,6468,1,UNSW_NB15_testing-set.csv
1556,19426,UNSW_NB15_testing-set.csv#id=019476,19476,1,UNSW_NB15_testing-set.csv
1557,61931,UNSW_NB15_testing-set.csv#id=062495,62495,1,UNSW_NB15_testing-set.csv
1558,22961,UNSW_NB15_testing-set.csv#id=023011,23011,1,UNSW_NB15_testing-set.csv
1559,55060,UNSW_NB15_testing-set.csv#id=055438,55438,1,UNSW_NB15_testing-set.csv
1560,62851,UNSW_NB15_testing-set.csv#id=063418,63418,1,UNSW_NB15_testing-set.csv
1561,14375,UNSW_NB15_testing-set.csv#id=014425,14425,1,UNSW_NB15_testing-set.csv
1562,49452,UNSW_NB15_testing-set.csv#id=049602,49602,1,UNSW_NB15_testing-set.csv
1563,19171,UNSW_NB15_testing-set.csv#id=019221,19221,1,UNSW_NB15_testing-set.csv
1564,4758,UNSW_NB15_testing-set.csv#id=004788,4788,1,UNSW_NB15_testing-set.csv
1565,14399,UNSW_NB15_testing-set.csv#id=014449,14449,1,UNSW_NB15_testing-set.csv
1566,45433,UNSW_NB15_testing-set.csv#id=045484,45484,1,UNSW_NB15_testing-set.csv
1567,7829,UNSW_NB15_testing-set.csv#id=007879,7879,1,UNSW_NB15_testing-set.csv
1568,8449,UNSW_NB15_testing-set.csv#id=008499,8499,1,UNSW_NB15_testing-set.csv
1569,21085,UNSW_NB15_testing-set.csv#id=021135,21135,1,UNSW_NB15_testing-set.csv
1570,55425,UNSW_NB15_testing-set.csv#id=055819,55819,1,UNSW_NB15_testing-set.csv
1571,12077,UNSW_NB15_testing-set.csv#id=012127,12127,1,UNSW_NB15_testing-set.csv
1572,60522,UNSW_NB15_testing-set.csv#id=061057,61057,1,UNSW_NB15_testing-set.csv
1573,50286,UNSW_NB15_testing-set.csv#id=050480,50480,1,UNSW_NB15_testing-set.csv
1574,56628,UNSW_NB15_testing-set.csv#id=057074,57074,1,UNSW_NB15_testing-set.csv
1575,11575,UNSW_NB15_testing-set.csv#id=011625,11625,1,UNSW_NB15_testing-set.csv
1576,50422,UNSW_NB15_testing-set.csv#id=050620,50620,1,UNSW_NB15_testing-set.csv
1577,46629,UNSW_NB15_testing-set.csv#id=046688,46688,1,UNSW_NB15_testing-set.csv
1578,64613,UNSW_NB15_testing-set.csv#id=065194,65194,1,UNSW_NB15_testing-set.csv
1579,62629,UNSW_NB15_testing-set.csv#id=063196,63196,1,UNSW_NB15_testing-set.csv
1580,21355,UNSW_NB15_testing-set.csv#id=021405,21405,1,UNSW_NB15_testing-set.csv
1581,58687,UNSW_NB15_testing-set.csv#id=059195,59195,1,UNSW_NB15_testing-set.csv
1582,19677,UNSW_NB15_testing-set.csv#id=019727,19727,1,UNSW_NB15_testing-set.csv
1583,48667,UNSW_NB15_testing-set.csv#id=048782,48782,1,UNSW_NB15_testing-set.csv
1584,55270,UNSW_NB15_testing-set.csv#id=055659,55659,1,UNSW_NB15_testing-set.csv
1585,46456,UNSW_NB15_testing-set.csv#id=046515,46515,1,UNSW_NB15_testing-set.csv
1586,55632,UNSW_NB15_testing-set.csv#id=056036,56036,1,UNSW_NB15_testing-set.csv
1587,11353,UNSW_NB15_testing-set.csv#id=011403,11403,1,UNSW_NB15_testing-set.csv
1588,45415,UNSW_NB15_testing-set.csv#id=045466,45466,1,UNSW_NB15_testing-set.csv
1589,2931,UNSW_NB15_testing-set.csv#id=002955,2955,1,UNSW_NB15_testing-set.csv
1590,12802,UNSW_NB15_testing-set.csv#id=012852,12852,1,UNSW_NB15_testing-set.csv
1591,311,UNSW_NB15_testing-set.csv#id=000313,313,1,UNSW_NB15_testing-set.csv
1592,59288,UNSW_NB15_testing-set.csv#id=059808,59808,1,UNSW_NB15_testing-set.csv
1593,15630,UNSW_NB15_testing-set.csv#id=015680,15680,1,UNSW_NB15_testing-set.csv
1594,7135,UNSW_NB15_testing-set.csv#id=007185,7185,1,UNSW_NB15_testing-set.csv
1595,8109,UNSW_NB15_testing-set.csv#id=008159,8159,1,UNSW_NB15_testing-set.csv
1596,14544,UNSW_NB15_testing-set.csv#id=014594,14594,1,UNSW_NB15_testing-set.csv
1597,13533,UNSW_NB15_testing-set.csv#id=013583,13583,1,UNSW_NB15_testing-set.csv
1598,10947,UNSW_NB15_testing-set.csv#id=010997,10997,1,UNSW_NB15_testing-set.csv
1599,58421,UNSW_NB15_testing-set.csv#id=058915,58915,1,UNSW_NB15_testing-set.csv
1600,13520,UNSW_NB15_testing-set.csv#id=013570,13570,1,UNSW_NB15_testing-set.csv
1601,1352,UNSW_NB15_testing-set.csv#id=001365,1365,1,UNSW_NB15_testing-set.csv
1602,49501,UNSW_NB15_testing-set.csv#id=049654,49654,1,UNSW_NB15_testing-set.csv
1603,48014,UNSW_NB15_testing-set.csv#id=048108,48108,1,UNSW_NB15_testing-set.csv
1604,46721,UNSW_NB15_testing-set.csv#id=046780,46780,1,UNSW_NB15_testing-set.csv
1605,9807,UNSW_NB15_testing-set.csv#id=009857,9857,1,UNSW_NB15_testing-set.csv
1606,53446,UNSW_NB15_testing-set.csv#id=053761,53761,1,UNSW_NB15_testing-set.csv
1607,64166,UNSW_NB15_testing-set.csv#id=064745,64745,1,UNSW_NB15_testing-set.csv
1608,44009,UNSW_NB15_testing-set.csv#id=044059,44059,1,UNSW_NB15_testing-set.csv
1609,13817,UNSW_NB15_testing-set.csv#id=013867,13867,1,UNSW_NB15_testing-set.csv
1610,60846,UNSW_NB15_testing-set.csv#id=061393,61393,1,UNSW_NB15_testing-set.csv
1611,60040,UNSW_NB15_testing-set.csv#id=060572,60572,1,UNSW_NB15_testing-set.csv
1612,14675,UNSW_NB15_testing-set.csv#id=014725,14725,1,UNSW_NB15_testing-set.csv
1613,45384,UNSW_NB15_testing-set.csv#id=045435,45435,1,UNSW_NB15_testing-set.csv
1614,10672,UNSW_NB15_testing-set.csv#id=010722,10722,1,UNSW_NB15_testing-set.csv
1615,17382,UNSW_NB15_testing-set.csv#id=017432,17432,1,UNSW_NB15_testing-set.csv
1616,60316,UNSW_NB15_testing-set.csv#id=060849,60849,1,UNSW_NB15_testing-set.csv
1617,15625,UNSW_NB15_testing-set.csv#id=015675,15675,1,UNSW_NB15_testing-set.csv
1618,12867,UNSW_NB15_testing-set.csv#id=012917,12917,1,UNSW_NB15_testing-set.csv
1619,64024,UNSW_NB15_testing-set.csv#id=064603,64603,1,UNSW_NB15_testing-set.csv
1620,44517,UNSW_NB15_testing-set.csv#id=044567,44567,1,UNSW_NB15_testing-set.csv
1621,22566,UNSW_NB15_testing-set.csv#id=022616,22616,1,UNSW_NB15_testing-set.csv
1622,53886,UNSW_NB15_testing-set.csv#id=054219,54219,1,UNSW_NB15_testing-set.csv
1623,63221,UNSW_NB15_testing-set.csv#id=063793,63793,1,UNSW_NB15_testing-set.csv
1624,63083,UNSW_NB15_testing-set.csv#id=063651,63651,1,UNSW_NB15_testing-set.csv
1625,59898,UNSW_NB15_testing-set.csv#id=060427,60427,1,UNSW_NB15_testing-set.csv
1626,18897,UNSW_NB15_testing-set.csv#id=018947,18947,1,UNSW_NB15_testing-set.csv
1627,20199,UNSW_NB15_testing-set.csv#id=020249,20249,1,UNSW_NB15_testing-set.csv
1628,15477,UNSW_NB15_testing-set.csv#id=015527,15527,1,UNSW_NB15_testing-set.csv
1629,59605,UNSW_NB15_testing-set.csv#id=060130,60130,1,UNSW_NB15_testing-set.csv
1630,48680,UNSW_NB15_testing-set.csv#id=048796,48796,1,UNSW_NB15_testing-set.csv
1631,63265,UNSW_NB15_testing-set.csv#id=063838,63838,1,UNSW_NB15_testing-set.csv
1632,20360,UNSW_NB15_testing-set.csv#id=020410,20410,1,UNSW_NB15_testing-set.csv
1633,13638,UNSW_NB15_testing-set.csv#id=013688,13688,1,UNSW_NB15_testing-set.csv
1634,1027,UNSW_NB15_testing-set.csv#id=001034,1034,1,UNSW_NB15_testing-set.csv
1635,45145,UNSW_NB15_testing-set.csv#id=045196,45196,1,UNSW_NB15_testing-set.csv
1636,9208,UNSW_NB15_testing-set.csv#id=009258,9258,1,UNSW_NB15_testing-set.csv
1637,15816,UNSW_NB15_testing-set.csv#id=015866,15866,1,UNSW_NB15_testing-set.csv
1638,3224,UNSW_NB15_testing-set.csv#id=003249,3249,1,UNSW_NB15_testing-set.csv
1639,3901,UNSW_NB15_testing-set.csv#id=003929,3929,1,UNSW_NB15_testing-set.csv
1640,16462,UNSW_NB15_testing-set.csv#id=016512,16512,1,UNSW_NB15_testing-set.csv
1641,4816,UNSW_NB15_testing-set.csv#id=004846,4846,1,UNSW_NB15_testing-set.csv
1642,6207,UNSW_NB15_testing-set.csv#id=006241,6241,1,UNSW_NB15_testing-set.csv
1643,15517,UNSW_NB15_testing-set.csv#id=015567,15567,1,UNSW_NB15_testing-set.csv
1644,22303,UNSW_NB15_testing-set.csv#id=022353,22353,1,UNSW_NB15_testing-set.csv
1645,9987,UNSW_NB15_testing-set.csv#id=010037,10037,1,UNSW_NB15_testing-set.csv
1646,61155,UNSW_NB15_testing-set.csv#id=061704,61704,1,UNSW_NB15_testing-set.csv
1647,22255,UNSW_NB15_testing-set.csv#id=022305,22305,1,UNSW_NB15_testing-set.csv
1648,17663,UNSW_NB15_testing-set.csv#id=017713,17713,1,UNSW_NB15_testing-set.csv
1649,2919,UNSW_NB15_testing-set.csv#id=002943,2943,1,UNSW_NB15_testing-set.csv
1650,46947,UNSW_NB15_testing-set.csv#id=047009,47009,1,UNSW_NB15_testing-set.csv
1651,53141,UNSW_NB15_testing-set.csv#id=053443,53443,1,UNSW_NB15_testing-set.csv
1652,51640,UNSW_NB15_testing-set.csv#id=051881,51881,1,UNSW_NB15_testing-set.csv
1653,58514,UNSW_NB15_testing-set.csv#id=059013,59013,1,UNSW_NB15_testing-set.csv
1654,64816,UNSW_NB15_testing-set.csv#id=065397,65397,1,UNSW_NB15_testing-set.csv
1655,8533,UNSW_NB15_testing-set.csv#id=008583,8583,1,UNSW_NB15_testing-set.csv
1656,46047,UNSW_NB15_testing-set.csv#id=046099,46099,1,UNSW_NB15_testing-set.csv
1657,5542,UNSW_NB15_testing-set.csv#id=005576,5576,1,UNSW_NB15_testing-set.csv
1658,6318,UNSW_NB15_testing-set.csv#id=006354,6354,1,UNSW_NB15_testing-set.csv
1659,44241,UNSW_NB15_testing-set.csv#id=044291,44291,1,UNSW_NB15_testing-set.csv
1660,18359,UNSW_NB15_testing-set.csv#id=018409,18409,1,UNSW_NB15_testing-set.csv
1661,54951,UNSW_NB15_testing-set.csv#id=055324,55324,1,UNSW_NB15_testing-set.csv
1662,13405,UNSW_NB15_testing-set.csv#id=013455,13455,1,UNSW_NB15_testing-set.csv
1663,48866,UNSW_NB15_testing-set.csv#id=048992,48992,1,UNSW_NB15_testing-set.csv
1664,64878,UNSW_NB15_testing-set.csv#id=065459,65459,1,UNSW_NB15_testing-set.csv
1665,44218,UNSW_NB15_testing-set.csv#id=044268,44268,1,UNSW_NB15_testing-set.csv
1666,56382,UNSW_NB15_testing-set.csv#id=056816,56816,1,UNSW_NB15_testing-set.csv
1667,19115,UNSW_NB15_testing-set.csv#id=019165,19165,1,UNSW_NB15_testing-set.csv
1668,52396,UNSW_NB15_testing-set.csv#id=052664,52664,1,UNSW_NB15_testing-set.csv
1669,20224,UNSW_NB15_testing-set.csv#id=020274,20274,1,UNSW_NB15_testing-set.csv
1670,15431,UNSW_NB15_testing-set.csv#id=015481,15481,1,UNSW_NB15_testing-set.csv
1671,50504,UNSW_NB15_testing-set.csv#id=050706,50706,1,UNSW_NB15_testing-set.csv
1672,4010,UNSW_NB15_testing-set.csv#id=004038,4038,1,UNSW_NB15_testing-set.csv
1673,50697,UNSW_NB15_testing-set.csv#id=050908,50908,1,UNSW_NB15_testing-set.csv
1674,8576,UNSW_NB15_testing-set.csv#id=008626,8626,1,UNSW_NB15_testing-set.csv
1675,59007,UNSW_NB15_testing-set.csv#id=059521,59521,1,UNSW_NB15_testing-set.csv
1676,59906,UNSW_NB15_testing-set.csv#id=060435,60435,1,UNSW_NB15_testing-set.csv
1677,44939,UNSW_NB15_testing-set.csv#id=044989,44989,1,UNSW_NB15_testing-set.csv
1678,12452,UNSW_NB15_testing-set.csv#id=012502,12502,1,UNSW_NB15_testing-set.csv
1679,5332,UNSW_NB15_testing-set.csv#id=005364,5364,1,UNSW_NB15_testing-set.csv
1680,17879,UNSW_NB15_testing-set.csv#id=017929,17929,1,UNSW_NB15_testing-set.csv
1681,20191,UNSW_NB15_testing-set.csv#id=020241,20241,1,UNSW_NB15_testing-set.csv
1682,46749,UNSW_NB15_testing-set.csv#id=046808,46808,1,UNSW_NB15_testing-set.csv
1683,52051,UNSW_NB15_testing-set.csv#id=052307,52307,1,UNSW_NB15_testing-set.csv
1684,13526,UNSW_NB15_testing-set.csv#id=013576,13576,1,UNSW_NB15_testing-set.csv
1685,60624,UNSW_NB15_testing-set.csv#id=061162,61162,1,UNSW_NB15_testing-set.csv
1686,58439,UNSW_NB15_testing-set.csv#id=058934,58934,1,UNSW_NB15_testing-set.csv
1687,55163,UNSW_NB15_testing-set.csv#id=055545,55545,1,UNSW_NB15_testing-set.csv
1688,15708,UNSW_NB15_testing-set.csv#id=015758,15758,1,UNSW_NB15_testing-set.csv
1689,43814,UNSW_NB15_testing-set.csv#id=043864,43864,1,UNSW_NB15_testing-set.csv
1690,58417,UNSW_NB15_testing-set.csv#id=058911,58911,1,UNSW_NB15_testing-set.csv
1691,18686,UNSW_NB15_testing-set.csv#id=018736,18736,1,UNSW_NB15_testing-set.csv
1692,10805,UNSW_NB15_testing-set.csv#id=010855,10855,1,UNSW_NB15_testing-set.csv
1693,11560,UNSW_NB15_testing-set.csv#id=011610,11610,1,UNSW_NB15_testing-set.csv
1694,50369,UNSW_NB15_testing-set.csv#id=050566,50566,1,UNSW_NB15_testing-set.csv
1695,47658,UNSW_NB15_testing-set.csv#id=047738,47738,1,UNSW_NB15_testing-set.csv
1696,60327,UNSW_NB15_testing-set.csv#id=060860,60860,1,UNSW_NB15_testing-set.csv
1697,51624,UNSW_NB15_testing-set.csv#id=051864,51864,1,UNSW_NB15_testing-set.csv
1698,18082,UNSW_NB15_testing-set.csv#id=018132,18132,1,UNSW_NB15_testing-set.csv
1699,54285,UNSW_NB15_testing-set.csv#id=054633,54633,1,UNSW_NB15_testing-set.csv
1700,1559,UNSW_NB15_testing-set.csv#id=001574,1574,1,UNSW_NB15_testing-set.csv
1701,44106,UNSW_NB15_testing-set.csv#id=044156,44156,1,UNSW_NB15_testing-set.csv
1702,50626,UNSW_NB15_testing-set.csv#id=050834,50834,1,UNSW_NB15_testing-set.csv
1703,11933,UNSW_NB15_testing-set.csv#id=011983,11983,1,UNSW_NB15_testing-set.csv
1704,23120,UNSW_NB15_testing-set.csv#id=023170,23170,1,UNSW_NB15_testing-set.csv
1705,62828,UNSW_NB15_testing-set.csv#id=063395,63395,1,UNSW_NB15_testing-set.csv
1706,443,UNSW_NB15_testing-set.csv#id=000445,445,1,UNSW_NB15_testing-set.csv
1707,19970,UNSW_NB15_testing-set.csv#id=020020,20020,1,UNSW_NB15_testing-set.csv
1708,58670,UNSW_NB15_testing-set.csv#id=059177,59177,1,UNSW_NB15_testing-set.csv
1709,10630,UNSW_NB15_testing-set.csv#id=010680,10680,1,UNSW_NB15_testing-set.csv
1710,48169,UNSW_NB15_testing-set.csv#id=048265,48265,1,UNSW_NB15_testing-set.csv
1711,4773,UNSW_NB15_testing-set.csv#id=004803,4803,1,UNSW_NB15_testing-set.csv
1712,10670,UNSW_NB15_testing-set.csv#id=010720,10720,1,UNSW_NB15_testing-set.csv
1713,60884,UNSW_NB15_testing-set.csv#id=061433,61433,1,UNSW_NB15_testing-set.csv
1714,2420,UNSW_NB15_testing-set.csv#id=002441,2441,1,UNSW_NB15_testing-set.csv
1715,17220,UNSW_NB15_testing-set.csv#id=017270,17270,1,UNSW_NB15_testing-set.csv
1716,56131,UNSW_NB15_testing-set.csv#id=056557,56557,1,UNSW_NB15_testing-set.csv
1717,17737,UNSW_NB15_testing-set.csv#id=017787,17787,1,UNSW_NB15_testing-set.csv
1718,53401,UNSW_NB15_testing-set.csv#id=053713,53713,1,UNSW_NB15_testing-set.csv
1719,53421,UNSW_NB15_testing-set.csv#id=053734,53734,1,UNSW_NB15_testing-set.csv
1720,59006,UNSW_NB15_testing-set.csv#id=059520,59520,1,UNSW_NB15_testing-set.csv
1721,604,UNSW_NB15_testing-set.csv#id=000609,609,1,UNSW_NB15_testing-set.csv
1722,54928,UNSW_NB15_testing-set.csv#id=055301,55301,1,UNSW_NB15_testing-set.csv
1723,49739,UNSW_NB15_testing-set.csv#id=049908,49908,1,UNSW_NB15_testing-set.csv
1724,52241,UNSW_NB15_testing-set.csv#id=052503,52503,1,UNSW_NB15_testing-set.csv
1725,54440,UNSW_NB15_testing-set.csv#id=054793,54793,1,UNSW_NB15_testing-set.csv
1726,50554,UNSW_NB15_testing-set.csv#id=050759,50759,1,UNSW_NB15_testing-set.csv
1727,61953,UNSW_NB15_testing-set.csv#id=062518,62518,1,UNSW_NB15_testing-set.csv
1728,5103,UNSW_NB15_testing-set.csv#id=005133,5133,1,UNSW_NB15_testing-set.csv
1729,16654,UNSW_NB15_testing-set.csv#id=016704,16704,1,UNSW_NB15_testing-set.csv
1730,2409,UNSW_NB15_testing-set.csv#id=002430,2430,1,UNSW_NB15_testing-set.csv
1731,62917,UNSW_NB15_testing-set.csv#id=063484,63484,1,UNSW_NB15_testing-set.csv
1732,16821,UNSW_NB15_testing-set.csv#id=016871,16871,1,UNSW_NB15_testing-set.csv
1733,2691,UNSW_NB15_testing-set.csv#id=002713,2713,1,UNSW_NB15_testing-set.csv
1734,1887,UNSW_NB15_testing-set.csv#id=001906,1906,1,UNSW_NB15_testing-set.csv
1735,10847,UNSW_NB15_testing-set.csv#id=010897,10897,1,UNSW_NB15_testing-set.csv
1736,57113,UNSW_NB15_testing-set.csv#id=057576,57576,1,UNSW_NB15_testing-set.csv
1737,20016,UNSW_NB15_testing-set.csv#id=020066,20066,1,UNSW_NB15_testing-set.csv
1738,61658,UNSW_NB15_testing-set.csv#id=062214,62214,1,UNSW_NB15_testing-set.csv
1739,12081,UNSW_NB15_testing-set.csv#id=012131,12131,1,UNSW_NB15_testing-set.csv
1740,56203,UNSW_NB15_testing-set.csv#id=056631,56631,1,UNSW_NB15_testing-set.csv
1741,44563,UNSW_NB15_testing-set.csv#id=044613,44613,1,UNSW_NB15_testing-set.csv
1742,45233,UNSW_NB15_testing-set.csv#id=045284,45284,1,UNSW_NB15_testing-set.csv
1743,10117,UNSW_NB15_testing-set.csv#id=010167,10167,1,UNSW_NB15_testing-set.csv
1744,4016,UNSW_NB15_testing-set.csv#id=004044,4044,1,UNSW_NB15_testing-set.csv
1745,49434,UNSW_NB15_testing-set.csv#id=049583,49583,1,UNSW_NB15_testing-set.csv
1746,55835,UNSW_NB15_testing-set.csv#id=056249,56249,1,UNSW_NB15_testing-set.csv
1747,3537,UNSW_NB15_testing-set.csv#id=003564,3564,1,UNSW_NB15_testing-set.csv
1748,18557,UNSW_NB15_testing-set.csv#id=018607,18607,1,UNSW_NB15_testing-set.csv
1749,11007,UNSW_NB15_testing-set.csv#id=011057,11057,1,UNSW_NB15_testing-set.csv
1750,64037,UNSW_NB15_testing-set.csv#id=064616,64616,1,UNSW_NB15_testing-set.csv
1751,14717,UNSW_NB15_testing-set.csv#id=014767,14767,1,UNSW_NB15_testing-set.csv
1752,20935,UNSW_NB15_testing-set.csv#id=020985,20985,1,UNSW_NB15_testing-set.csv
1753,58784,UNSW_NB15_testing-set.csv#id=059295,59295,1,UNSW_NB15_testing-set.csv
1754,64380,UNSW_NB15_testing-set.csv#id=064959,64959,1,UNSW_NB15_testing-set.csv
1755,59462,UNSW_NB15_testing-set.csv#id=059985,59985,1,UNSW_NB15_testing-set.csv
1756,22037,UNSW_NB15_testing-set.csv#id=022087,22087,1,UNSW_NB15_testing-set.csv
1757,63391,UNSW_NB15_testing-set.csv#id=063966,63966,1,UNSW_NB15_testing-set.csv
1758,55117,UNSW_NB15_testing-set.csv#id=055496,55496,1,UNSW_NB15_testing-set.csv
1759,22861,UNSW_NB15_testing-set.csv#id=022911,22911,1,UNSW_NB15_testing-set.csv
1760,2065,UNSW_NB15_testing-set.csv#id=002085,2085,1,UNSW_NB15_testing-set.csv
1761,13497,UNSW_NB15_testing-set.csv#id=013547,13547,1,UNSW_NB15_testing-set.csv
1762,5756,UNSW_NB15_testing-set.csv#id=005790,5790,1,UNSW_NB15_testing-set.csv
1763,452,UNSW_NB15_testing-set.csv#id=000454,454,1,UNSW_NB15_testing-set.csv
1764,15666,UNSW_NB15_testing-set.csv#id=015716,15716,1,UNSW_NB15_testing-set.csv
1765,48876,UNSW_NB15_testing-set.csv#id=049002,49002,1,UNSW_NB15_testing-set.csv
1766,53906,UNSW_NB15_testing-set.csv#id=054241,54241,1,UNSW_NB15_testing-set.csv
1767,63717,UNSW_NB15_testing-set.csv#id=064296,64296,1,UNSW_NB15_testing-set.csv
1768,53185,UNSW_NB15_testing-set.csv#id=053490,53490,1,UNSW_NB15_testing-set.csv
1769,57091,UNSW_NB15_testing-set.csv#id=057554,57554,1,UNSW_NB15_testing-set.csv
1770,13074,UNSW_NB15_testing-set.csv#id=013124,13124,1,UNSW_NB15_testing-set.csv
1771,7099,UNSW_NB15_testing-set.csv#id=007149,7149,1,UNSW_NB15_testing-set.csv
1772,64355,UNSW_NB15_testing-set.csv#id=064934,64934,1,UNSW_NB15_testing-set.csv
1773,5018,UNSW_NB15_testing-set.csv#id=005048,5048,1,UNSW_NB15_testing-set.csv
1774,63700,UNSW_NB15_testing-set.csv#id=064279,64279,1,UNSW_NB15_testing-set.csv
1775,18802,UNSW_NB15_testing-set.csv#id=018852,18852,1,UNSW_NB15_testing-set.csv
1776,49644,UNSW_NB15_testing-set.csv#id=049806,49806,1,UNSW_NB15_testing-set.csv
1777,63333,UNSW_NB15_testing-set.csv#id=063906,63906,1,UNSW_NB15_testing-set.csv
1778,45148,UNSW_NB15_testing-set.csv#id=045199,45199,1,UNSW_NB15_testing-set.csv
1779,49449,UNSW_NB15_testing-set.csv#id=049599,49599,1,UNSW_NB15_testing-set.csv
1780,19840,UNSW_NB15_testing-set.csv#id=019890,19890,1,UNSW_NB15_testing-set.csv
1781,56555,UNSW_NB15_testing-set.csv#id=056997,56997,1,UNSW_NB15_testing-set.csv
1782,53135,UNSW_NB15_testing-set.csv#id=053437,53437,1,UNSW_NB15_testing-set.csv
1783,22826,UNSW_NB15_testing-set.csv#id=022876,22876,1,UNSW_NB15_testing-set.csv
1784,5324,UNSW_NB15_testing-set.csv#id=005356,5356,1,UNSW_NB15_testing-set.csv
1785,3546,UNSW_NB15_testing-set.csv#id=003573,3573,1,UNSW_NB15_testing-set.csv
1786,59123,UNSW_NB15_testing-set.csv#id=059640,59640,1,UNSW_NB15_testing-set.csv
1787,20762,UNSW_NB15_testing-set.csv#id=020812,20812,1,UNSW_NB15_testing-set.csv
1788,55348,UNSW_NB15_testing-set.csv#id=055740,55740,1,UNSW_NB15_testing-set.csv
1789,48284,UNSW_NB15_testing-set.csv#id=048383,48383,1,UNSW_NB15_testing-set.csv
1790,63421,UNSW_NB15_testing-set.csv#id=063997,63997,1,UNSW_NB15_testing-set.csv
1791,12925,UNSW_NB15_testing-set.csv#id=012975,12975,1,UNSW_NB15_testing-set.csv
1792,52621,UNSW_NB15_testing-set.csv#id=052899,52899,1,UNSW_NB15_testing-set.csv
1793,23186,UNSW_NB15_testing-set.csv#id=023236,23236,1,UNSW_NB15_testing-set.csv
1794,60757,UNSW_NB15_testing-set.csv#id=061300,61300,1,UNSW_NB15_testing-set.csv
1795,49513,UNSW_NB15_testing-set.csv#id=049666,49666,1,UNSW_NB15_testing-set.csv
1796,54438,UNSW_NB15_testing-set.csv#id=054791,54791,1,UNSW_NB15_testing-set.csv
1797,64388,UNSW_NB15_testing-set.csv#id=064967,64967,1,UNSW_NB15_testing-set.csv
1798,21514,UNSW_NB15_testing-set.csv#id=021564,21564,1,UNSW_NB15_testing-set.csv
1799,59679,UNSW_NB15_testing-set.csv#id=060205,60205,1,UNSW_NB15_testing-set.csv
1800,48156,UNSW_NB15_testing-set.csv#id=048252,48252,1,UNSW_NB15_testing-set.csv
1801,56283,UNSW_NB15_testing-set.csv#id=056713,56713,1,UNSW_NB15_testing-set.csv
1802,64261,UNSW_NB15_testing-set.csv#id=064840,64840,1,UNSW_NB15_testing-set.csv
1803,52307,UNSW_NB15_testing-set.csv#id=052571,52571,1,UNSW_NB15_testing-set.csv
1804,48756,UNSW_NB15_testing-set.csv#id=048876,48876,1,UNSW_NB15_testing-set.csv
1805,43948,UNSW_NB15_testing-set.csv#id=043998,43998,1,UNSW_NB15_testing-set.csv
1806,51844,UNSW_NB15_testing-set.csv#id=052093,52093,1,UNSW_NB15_testing-set.csv
1807,7830,UNSW_NB15_testing-set.csv#id=007880,7880,1,UNSW_NB15_testing-set.csv
1808,12631,UNSW_NB15_testing-set.csv#id=012681,12681,1,UNSW_NB15_testing-set.csv
1809,18758,UNSW_NB15_testing-set.csv#id=018808,18808,1,UNSW_NB15_testing-set.csv
1810,568,UNSW_NB15_testing-set.csv#id=000573,573,1,UNSW_NB15_testing-set.csv
1811,45764,UNSW_NB15_testing-set.csv#id=045816,45816,1,UNSW_NB15_testing-set.csv
1812,47189,UNSW_NB15_testing-set.csv#id=047257,47257,1,UNSW_NB15_testing-set.csv
1813,6589,UNSW_NB15_testing-set.csv#id=006628,6628,1,UNSW_NB15_testing-set.csv
1814,13947,UNSW_NB15_testing-set.csv#id=013997,13997,1,UNSW_NB15_testing-set.csv
1815,18972,UNSW_NB15_testing-set.csv#id=019022,19022,1,UNSW_NB15_testing-set.csv
1816,20217,UNSW_NB15_testing-set.csv#id=020267,20267,1,UNSW_NB15_testing-set.csv
1817,51306,UNSW_NB15_testing-set.csv#id=051539,51539,1,UNSW_NB15_testing-set.csv
1818,61855,UNSW_NB15_testing-set.csv#id=062416,62416,1,UNSW_NB15_testing-set.csv
1819,47616,UNSW_NB15_testing-set.csv#id=047696,47696,1,UNSW_NB15_testing-set.csv
1820,1349,UNSW_NB15_testing-set.csv#id=001362,1362,1,UNSW_NB15_testing-set.csv
1821,11794,UNSW_NB15_testing-set.csv#id=011844,11844,1,UNSW_NB15_testing-set.csv
1822,8783,UNSW_NB15_testing-set.csv#id=008833,8833,1,UNSW_NB15_testing-set.csv
1823,14348,UNSW_NB15_testing-set.csv#id=014398,14398,1,UNSW_NB15_testing-set.csv
1824,15347,UNSW_NB15_testing-set.csv#id=015397,15397,1,UNSW_NB15_testing-set.csv
1825,623,UNSW_NB15_testing-set.csv#id=000628,628,1,UNSW_NB15_testing-set.csv
1826,8155,UNSW_NB15_testing-set.csv#id=008205,8205,1,UNSW_NB15_testing-set.csv
1827,17695,UNSW_NB15_testing-set.csv#id=017745,17745,1,UNSW_NB15_testing-set.csv
1828,48641,UNSW_NB15_testing-set.csv#id=048755,48755,1,UNSW_NB15_testing-set.csv
1829,48559,UNSW_NB15_testing-set.csv#id=048667,48667,1,UNSW_NB15_testing-set.csv
1830,61414,UNSW_NB15_testing-set.csv#id=061964,61964,1,UNSW_NB15_testing-set.csv
1831,65021,UNSW_NB15_testing-set.csv#id=065603,65603,1,UNSW_NB15_testing-set.csv
1832,18011,UNSW_NB15_testing-set.csv#id=018061,18061,1,UNSW_NB15_testing-set.csv
1833,1221,UNSW_NB15_testing-set.csv#id=001232,1232,1,UNSW_NB15_testing-set.csv
1834,4923,UNSW_NB15_testing-set.csv#id=004953,4953,1,UNSW_NB15_testing-set.csv
1835,23293,UNSW_NB15_testing-set.csv#id=023343,23343,1,UNSW_NB15_testing-set.csv
1836,44213,UNSW_NB15_testing-set.csv#id=044263,44263,1,UNSW_NB15_testing-set.csv
1837,58328,UNSW_NB15_testing-set.csv#id=058822,58822,1,UNSW_NB15_testing-set.csv
1838,22484,UNSW_NB15_testing-set.csv#id=022534,22534,1,UNSW_NB15_testing-set.csv
1839,46511,UNSW_NB15_testing-set.csv#id=046570,46570,1,UNSW_NB15_testing-set.csv
1840,15429,UNSW_NB15_testing-set.csv#id=015479,15479,1,UNSW_NB15_testing-set.csv
1841,17375,UNSW_NB15_testing-set.csv#id=017425,17425,1,UNSW_NB15_testing-set.csv
1842,58435,UNSW_NB15_testing-set.csv#id=058930,58930,1,UNSW_NB15_testing-set.csv
1843,5601,UNSW_NB15_testing-set.csv#id=005635,5635,1,UNSW_NB15_testing-set.csv
1844,46702,UNSW_NB15_testing-set.csv#id=046761,46761,1,UNSW_NB15_testing-set.csv
1845,13843,UNSW_NB15_testing-set.csv#id=013893,13893,1,UNSW_NB15_testing-set.csv
1846,61082,UNSW_NB15_testing-set.csv#id=061631,61631,1,UNSW_NB15_testing-set.csv
1847,19458,UNSW_NB15_testing-set.csv#id=019508,19508,1,UNSW_NB15_testing-set.csv
1848,22755,UNSW_NB15_testing-set.csv#id=022805,22805,1,UNSW_NB15_testing-set.csv
1849,16738,UNSW_NB15_testing-set.csv#id=016788,16788,1,UNSW_NB15_testing-set.csv
1850,58519,UNSW_NB15_testing-set.csv#id=059018,59018,1,UNSW_NB15_testing-set.csv
1851,51257,UNSW_NB15_testing-set.csv#id=051489,51489,1,UNSW_NB15_testing-set.csv
1852,54802,UNSW_NB15_testing-set.csv#id=055170,55170,1,UNSW_NB15_testing-set.csv
1853,44219,UNSW_NB15_testing-set.csv#id=044269,44269,1,UNSW_NB15_testing-set.csv
1854,21767,UNSW_NB15_testing-set.csv#id=021817,21817,1,UNSW_NB15_testing-set.csv
1855,15012,UNSW_NB15_testing-set.csv#id=015062,15062,1,UNSW_NB15_testing-set.csv
1856,58188,UNSW_NB15_testing-set.csv#id=058677,58677,1,UNSW_NB15_testing-set.csv
1857,62066,UNSW_NB15_testing-set.csv#id=062631,62631,1,UNSW_NB15_testing-set.csv
1858,15340,UNSW_NB15_testing-set.csv#id=015390,15390,1,UNSW_NB15_testing-set.csv
1859,59828,UNSW_NB15_testing-set.csv#id=060356,60356,1,UNSW_NB15_testing-set.csv
1860,44588,UNSW_NB15_testing-set.csv#id=044638,44638,1,UNSW_NB15_testing-set.csv
1861,53695,UNSW_NB15_testing-set.csv#id=054021,54021,1,UNSW_NB15_testing-set.csv
1862,16598,UNSW_NB15_testing-set.csv#id=016648,16648,1,UNSW_NB15_testing-set.csv
1863,52862,UNSW_NB15_testing-set.csv#id=053154,53154,1,UNSW_NB15_testing-set.csv
1864,2835,UNSW_NB15_testing-set.csv#id=002859,2859,1,UNSW_NB15_testing-set.csv
1865,47906,UNSW_NB15_testing-set.csv#id=047995,47995,1,UNSW_NB15_testing-set.csv
1866,54557,UNSW_NB15_testing-set.csv#id=054915,54915,1,UNSW_NB15_testing-set.csv
1867,55965,UNSW_NB15_testing-set.csv#id=056387,56387,1,UNSW_NB15_testing-set.csv
1868,50423,UNSW_NB15_testing-set.csv#id=050621,50621,1,UNSW_NB15_testing-set.csv
1869,18394,UNSW_NB15_testing-set.csv#id=018444,18444,1,UNSW_NB15_testing-set.csv
1870,49485,UNSW_NB15_testing-set.csv#id=049637,49637,1,UNSW_NB15_testing-set.csv
1871,45337,UNSW_NB15_testing-set.csv#id=045388,45388,1,UNSW_NB15_testing-set.csv
1872,48970,UNSW_NB15_testing-set.csv#id=049103,49103,1,UNSW_NB15_testing-set.csv
1873,58633,UNSW_NB15_testing-set.csv#id=059138,59138,1,UNSW_NB15_testing-set.csv
1874,58164,UNSW_NB15_testing-set.csv#id=058651,58651,1,UNSW_NB15_testing-set.csv
1875,58030,UNSW_NB15_testing-set.csv#id=058513,58513,1,UNSW_NB15_testing-set.csv
1876,11116,UNSW_NB15_testing-set.csv#id=011166,11166,1,UNSW_NB15_testing-set.csv
1877,12241,UNSW_NB15_testing-set.csv#id=012291,12291,1,UNSW_NB15_testing-set.csv
1878,3996,UNSW_NB15_testing-set.csv#id=004024,4024,1,UNSW_NB15_testing-set.csv
1879,863,UNSW_NB15_testing-set.csv#id=000869,869,1,UNSW_NB15_testing-set.csv
1880,22258,UNSW_NB15_testing-set.csv#id=022308,22308,1,UNSW_NB15_testing-set.csv
1881,52799,UNSW_NB15_testing-set.csv#id=053088,53088,1,UNSW_NB15_testing-set.csv
1882,46694,UNSW_NB15_testing-set.csv#id=046753,46753,1,UNSW_NB15_testing-set.csv
1883,64957,UNSW_NB15_testing-set.csv#id=065538,65538,1,UNSW_NB15_testing-set.csv
1884,22122,UNSW_NB15_testing-set.csv#id=022172,22172,1,UNSW_NB15_testing-set.csv
1885,8919,UNSW_NB15_testing-set.csv#id=008969,8969,1,UNSW_NB15_testing-set.csv
1886,13279,UNSW_NB15_testing-set.csv#id=013329,13329,1,UNSW_NB15_testing-set.csv
1887,8838,UNSW_NB15_testing-set.csv#id=008888,8888,1,UNSW_NB15_testing-set.csv
1888,10637,UNSW_NB15_testing-set.csv#id=010687,10687,1,UNSW_NB15_testing-set.csv
1889,48735,UNSW_NB15_testing-set.csv#id=048853,48853,1,UNSW_NB15_testing-set.csv
1890,2236,UNSW_NB15_testing-set.csv#id=002257,2257,1,UNSW_NB15_testing-set.csv
1891,62514,UNSW_NB15_testing-set.csv#id=063081,63081,1,UNSW_NB15_testing-set.csv
1892,61014,UNSW_NB15_testing-set.csv#id=061563,61563,1,UNSW_NB15_testing-set.csv
1893,11139,UNSW_NB15_testing-set.csv#id=011189,11189,1,UNSW_NB15_testing-set.csv
1894,8320,UNSW_NB15_testing-set.csv#id=008370,8370,1,UNSW_NB15_testing-set.csv
1895,13919,UNSW_NB15_testing-set.csv#id=013969,13969,1,UNSW_NB15_testing-set.csv
1896,6969,UNSW_NB15_testing-set.csv#id=007019,7019,1,UNSW_NB15_testing-set.csv
1897,61547,UNSW_NB15_testing-set.csv#id=062099,62099,1,UNSW_NB15_testing-set.csv
1898,21197,UNSW_NB15_testing-set.csv#id=021247,21247,1,UNSW_NB15_testing-set.csv
1899,21661,UNSW_NB15_testing-set.csv#id=021711,21711,1,UNSW_NB15_testing-set.csv
1900,19611,UNSW_NB15_testing-set.csv#id=019661,19661,1,UNSW_NB15_testing-set.csv
1901,2083,UNSW_NB15_testing-set.csv#id=002104,2104,1,UNSW_NB15_testing-set.csv
1902,54247,UNSW_NB15_testing-set.csv#id=054594,54594,1,UNSW_NB15_testing-set.csv
1903,57825,UNSW_NB15_testing-set.csv#id=058302,58302,1,UNSW_NB15_testing-set.csv
1904,3817,UNSW_NB15_testing-set.csv#id=003844,3844,1,UNSW_NB15_testing-set.csv
1905,14916,UNSW_NB15_testing-set.csv#id=014966,14966,1,UNSW_NB15_testing-set.csv
1906,17773,UNSW_NB15_testing-set.csv#id=017823,17823,1,UNSW_NB15_testing-set.csv
1907,58163,UNSW_NB15_testing-set.csv#id=058650,58650,1,UNSW_NB15_testing-set.csv
1908,20260,UNSW_NB15_testing-set.csv#id=020310,20310,1,UNSW_NB15_testing-set.csv
1909,22702,UNSW_NB15_testing-set.csv#id=022752,22752,1,UNSW_NB15_testing-set.csv
1910,6566,UNSW_NB15_testing-set.csv#id=006604,6604,1,UNSW_NB15_testing-set.csv
1911,49591,UNSW_NB15_testing-set.csv#id=049749,49749,1,UNSW_NB15_testing-set.csv
1912,64749,UNSW_NB15_testing-set.csv#id=065330,65330,1,UNSW_NB15_testing-set.csv
1913,56323,UNSW_NB15_testing-set.csv#id=056755,56755,1,UNSW_NB15_testing-set.csv
1914,57996,UNSW_NB15_testing-set.csv#id=058478,58478,1,UNSW_NB15_testing-set.csv
1915,9197,UNSW_NB15_testing-set.csv#id=009247,9247,1,UNSW_NB15_testing-set.csv
1916,45352,UNSW_NB15_testing-set.csv#id=045403,45403,1,UNSW_NB15_testing-set.csv
1917,63311,UNSW_NB15_testing-set.csv#id=063884,63884,1,UNSW_NB15_testing-set.csv
1918,64702,UNSW_NB15_testing-set.csv#id=065283,65283,1,UNSW_NB15_testing-set.csv
1919,61631,UNSW_NB15_testing-set.csv#id=062185,62185,1,UNSW_NB15_testing-set.csv
1920,57877,UNSW_NB15_testing-set.csv#id=058356,58356,1,UNSW_NB15_testing-set.csv
1921,18904,UNSW_NB15_testing-set.csv#id=018954,18954,1,UNSW_NB15_testing-set.csv
1922,7654,UNSW_NB15_testing-set.csv#id=007704,7704,1,UNSW_NB15_testing-set.csv
1923,52305,UNSW_NB15_testing-set.csv#id=052569,52569,1,UNSW_NB15_testing-set.csv
1924,7558,UNSW_NB15_testing-set.csv#id=007608,7608,1,UNSW_NB15_testing-set.csv
1925,21094,UNSW_NB15_testing-set.csv#id=021144,21144,1,UNSW_NB15_testing-set.csv
1926,43978,UNSW_NB15_testing-set.csv#id=044028,44028,1,UNSW_NB15_testing-set.csv
1927,54319,UNSW_NB15_testing-set.csv#id=054669,54669,1,UNSW_NB15_testing-set.csv
1928,9583,UNSW_NB15_testing-set.csv#id=009633,9633,1,UNSW_NB15_testing-set.csv
1929,50676,UNSW_NB15_testing-set.csv#id=050887,50887,1,UNSW_NB15_testing-set.csv
1930,722,UNSW_NB15_testing-set.csv#id=000728,728,1,UNSW_NB15_testing-set.csv
1931,15149,UNSW_NB15_testing-set.csv#id=015199,15199,1,UNSW_NB15_testing-set.csv
1932,49156,UNSW_NB15_testing-set.csv#id=049296,49296,1,UNSW_NB15_testing-set.csv
1933,61880,UNSW_NB15_testing-set.csv#id=062442,62442,1,UNSW_NB15_testing-set.csv
1934,17573,UNSW_NB15_testing-set.csv#id=017623,17623,1,UNSW_NB15_testing-set.csv
1935,54171,UNSW_NB15_testing-set.csv#id=054514,54514,1,UNSW_NB15_testing-set.csv
1936,52041,UNSW_NB15_testing-set.csv#id=052297,52297,1,UNSW_NB15_testing-set.csv
1937,6680,UNSW_NB15_testing-set.csv#id=006724,6724,1,UNSW_NB15_testing-set.csv
1938,51250,UNSW_NB15_testing-set.csv#id=051482,51482,1,UNSW_NB15_testing-set.csv
1939,54957,UNSW_NB15_testing-set.csv#id=055331,55331,1,UNSW_NB15_testing-set.csv
1940,14139,UNSW_NB15_testing-set.csv#id=014189,14189,1,UNSW_NB15_testing-set.csv
1941,19213,UNSW_NB15_testing-set.csv#id=019263,19263,1,UNSW_NB15_testing-set.csv
1942,55026,UNSW_NB15_testing-set.csv#id=055403,55403,1,UNSW_NB15_testing-set.csv
1943,20336,UNSW_NB15_testing-set.csv#id=020386,20386,1,UNSW_NB15_testing-set.csv
1944,65011,UNSW_NB15_testing-set.csv#id=065593,65593,1,UNSW_NB15_testing-set.csv
1945,3667,UNSW_NB15_testing-set.csv#id=003694,3694,1,UNSW_NB15_testing-set.csv
1946,63357,UNSW_NB15_testing-set.csv#id=063931,63931,1,UNSW_NB15_testing-set.csv
1947,22669,UNSW_NB15_testing-set.csv#id=022719,22719,1,UNSW_NB15_testing-set.csv
1948,16554,UNSW_NB15_testing-set.csv#id=016604,16604,1,UNSW_NB15_testing-set.csv
1949,22963,UNSW_NB15_testing-set.csv#id=023013,23013,1,UNSW_NB15_testing-set.csv
1950,5592,UNSW_NB15_testing-set.csv#id=005626,5626,1,UNSW_NB15_testing-set.csv
1951,50400,UNSW_NB15_testing-set.csv#id=050598,50598,1,UNSW_NB15_testing-set.csv
1952,47378,UNSW_NB15_testing-set.csv#id=047453,47453,1,UNSW_NB15_testing-set.csv
1953,10945,UNSW_NB15_testing-set.csv#id=010995,10995,1,UNSW_NB15_testing-set.csv
1954,7110,UNSW_NB15_testing-set.csv#id=007160,7160,1,UNSW_NB15_testing-set.csv
1955,52223,UNSW_NB15_testing-set.csv#id=052485,52485,1,UNSW_NB15_testing-set.csv
1956,16885,UNSW_NB15_testing-set.csv#id=016935,16935,1,UNSW_NB15_testing-set.csv
1957,18805,UNSW_NB15_testing-set.csv#id=018855,18855,1,UNSW_NB15_testing-set.csv
1958,58814,UNSW_NB15_testing-set.csv#id=059325,59325,1,UNSW_NB15_testing-set.csv
1959,52091,UNSW_NB15_testing-set.csv#id=052348,52348,1,UNSW_NB15_testing-set.csv
1960,57502,UNSW_NB15_testing-set.csv#id=057974,57974,1,UNSW_NB15_testing-set.csv
1961,19767,UNSW_NB15_testing-set.csv#id=019817,19817,1,UNSW_NB15_testing-set.csv
1962,899,UNSW_NB15_testing-set.csv#id=000906,906,1,UNSW_NB15_testing-set.csv
1963,60886,UNSW_NB15_testing-set.csv#id=061435,61435,1,UNSW_NB15_testing-set.csv
1964,53728,UNSW_NB15_testing-set.csv#id=054055,54055,1,UNSW_NB15_testing-set.csv
1965,3218,UNSW_NB15_testing-set.csv#id=003243,3243,1,UNSW_NB15_testing-set.csv
1966,14279,UNSW_NB15_testing-set.csv#id=014329,14329,1,UNSW_NB15_testing-set.csv
1967,53198,UNSW_NB15_testing-set.csv#id=053503,53503,1,UNSW_NB15_testing-set.csv
1968,7978,UNSW_NB15_testing-set.csv#id=008028,8028,1,UNSW_NB15_testing-set.csv
1969,22046,UNSW_NB15_testing-set.csv#id=022096,22096,1,UNSW_NB15_testing-set.csv
1970,15185,UNSW_NB15_testing-set.csv#id=015235,15235,1,UNSW_NB15_testing-set.csv
1971,45800,UNSW_NB15_testing-set.csv#id=045852,45852,1,UNSW_NB15_testing-set.csv
1972,12792,UNSW_NB15_testing-set.csv#id=012842,12842,1,UNSW_NB15_testing-set.csv
1973,3715,UNSW_NB15_testing-set.csv#id=003742,3742,1,UNSW_NB15_testing-set.csv
1974,2728,UNSW_NB15_testing-set.csv#id=002750,2750,1,UNSW_NB15_testing-set.csv
1975,57278,UNSW_NB15_testing-set.csv#id=057745,57745,1,UNSW_NB15_testing-set.csv
1976,58178,UNSW_NB15_testing-set.csv#id=058667,58667,1,UNSW_NB15_testing-set.csv
1977,59366,UNSW_NB15_testing-set.csv#id=059887,59887,1,UNSW_NB15_testing-set.csv
1978,3466,UNSW_NB15_testing-set.csv#id=003492,3492,1,UNSW_NB15_testing-set.csv
1979,2745,UNSW_NB15_testing-set.csv#id=002767,2767,1,UNSW_NB15_testing-set.csv
1980,5425,UNSW_NB15_testing-set.csv#id=005458,5458,1,UNSW_NB15_testing-set.csv
1981,2106,UNSW_NB15_testing-set.csv#id=002127,2127,1,UNSW_NB15_testing-set.csv
1982,22346,UNSW_NB15_testing-set.csv#id=022396,22396,1,UNSW_NB15_testing-set.csv
1983,17417,UNSW_NB15_testing-set.csv#id=017467,17467,1,UNSW_NB15_testing-set.csv
1984,57979,UNSW_NB15_testing-set.csv#id=058461,58461,1,UNSW_NB15_testing-set.csv
1985,43750,UNSW_NB15_testing-set.csv#id=043800,43800,1,UNSW_NB15_testing-set.csv
1986,14310,UNSW_NB15_testing-set.csv#id=014360,14360,1,UNSW_NB15_testing-set.csv
1987,11244,UNSW_NB15_testing-set.csv#id=011294,11294,1,UNSW_NB15_testing-set.csv
1988,56304,UNSW_NB15_testing-set.csv#id=056735,56735,1,UNSW_NB15_testing-set.csv
1989,12267,UNSW_NB15_testing-set.csv#id=012317,12317,1,UNSW_NB15_testing-set.csv
1990,43797,UNSW_NB15_testing-set.csv#id=043847,43847,1,UNSW_NB15_testing-set.csv
1991,53332,UNSW_NB15_testing-set.csv#id=053642,53642,1,UNSW_NB15_testing-set.csv
1992,22776,UNSW_NB15_testing-set.csv#id=022826,22826,1,UNSW_NB15_testing-set.csv
1993,58561,UNSW_NB15_testing-set.csv#id=059063,59063,1,UNSW_NB15_testing-set.csv
1994,61731,UNSW_NB15_testing-set.csv#id=062288,62288,1,UNSW_NB15_testing-set.csv
1995,5982,UNSW_NB15_testing-set.csv#id=006016,6016,1,UNSW_NB15_testing-set.csv
1996,60182,UNSW_NB15_testing-set.csv#id=060715,60715,1,UNSW_NB15_testing-set.csv
1997,45503,UNSW_NB15_testing-set.csv#id=045554,45554,1,UNSW_NB15_testing-set.csv
1998,53486,UNSW_NB15_testing-set.csv#id=053803,53803,1,UNSW_NB15_testing-set.csv
1999,56690,UNSW_NB15_testing-set.csv#id=057139,57139,1,UNSW_NB15_testing-set.csv
